등록이름,등록건수,데이터기준일자
코코,238,2019-12-03
보리,190,2019-12-03
초코,175,2019-12-03
콩이,158,2019-12-03
해피,139,2019-12-03
별이,127,2019-12-03
까미,115,2019-12-03
사랑이,110,2019-12-03
두부,108,2019-12-03
똘이,102,2019-12-03
초롱이,97,2019-12-03
몽이,93,2019-12-03
사랑,83,2019-12-03
마루,82,2019-12-03
뭉치,81,2019-12-03
아리,78,2019-12-03
호두,76,2019-12-03
둥이,75,2019-12-03
별,75,2019-12-03
토리,74,2019-12-03
구름,70,2019-12-03
꼬미,67,2019-12-03
뽀미,62,2019-12-03
아지,62,2019-12-03
토토,62,2019-12-03
아롱이,61,2019-12-03
하루,60,2019-12-03
장군,56,2019-12-03
봄,55,2019-12-03
콩,54,2019-12-03
쿠키,54,2019-12-03
또또,51,2019-12-03
미미,51,2019-12-03
루비,50,2019-12-03
모모,50,2019-12-03
밍키,50,2019-12-03
흰둥이,50,2019-12-03
예삐,49,2019-12-03
단비,47,2019-12-03
망고,47,2019-12-03
몽실,47,2019-12-03
짱아,47,2019-12-03
나나,46,2019-12-03
몽실이,46,2019-12-03
뽀삐,46,2019-12-03
감자,45,2019-12-03
두리,45,2019-12-03
레오,45,2019-12-03
송이,45,2019-12-03
초롱,45,2019-12-03
구름이,44,2019-12-03
만두,44,2019-12-03
마리,43,2019-12-03
모찌,43,2019-12-03
복실이,43,2019-12-03
쵸코,43,2019-12-03
가을,42,2019-12-03
뚱이,42,2019-12-03
미니,42,2019-12-03
공주,41,2019-12-03
럭키,41,2019-12-03
봄이,41,2019-12-03
다롱이,39,2019-12-03
땅콩,37,2019-12-03
똘똘이,36,2019-12-03
루이,36,2019-12-03
방울이,36,2019-12-03
하늘,36,2019-12-03
달이,33,2019-12-03
은비,33,2019-12-03
쪼꼬,33,2019-12-03
꼬맹이,32,2019-12-03
로또,32,2019-12-03
쭈쭈,32,2019-12-03
짱구,31,2019-12-03
크림,31,2019-12-03
하늘이,31,2019-12-03
루키,29,2019-12-03
몽,29,2019-12-03
하니,29,2019-12-03
행복,29,2019-12-03
복돌이,28,2019-12-03
이쁜이,28,2019-12-03
짱이,28,2019-12-03
체리,28,2019-12-03
겨울,27,2019-12-03
누리,27,2019-12-03
뽀뽀,27,2019-12-03
제리,27,2019-12-03
삐삐,26,2019-12-03
앵두,26,2019-12-03
쫑,26,2019-12-03
도도,25,2019-12-03
딸기,25,2019-12-03
곰돌이,24,2019-12-03
미르,24,2019-12-03
복순이,24,2019-12-03
아롱,24,2019-12-03
하나,24,2019-12-03
달래,23,2019-12-03
리치,23,2019-12-03
메리,23,2019-12-03
테리,23,2019-12-03
미키,22,2019-12-03
복실,22,2019-12-03
쫑이,22,2019-12-03
단추,21,2019-12-03
둘리,21,2019-12-03
라떼,21,2019-12-03
루루,21,2019-12-03
방울,21,2019-12-03
솜이,21,2019-12-03
순이,21,2019-12-03
애기,21,2019-12-03
여름,21,2019-12-03
깐돌이,20,2019-12-03
나리,20,2019-12-03
모카,20,2019-12-03
미소,20,2019-12-03
베리,20,2019-12-03
우리,20,2019-12-03
제니,20,2019-12-03
탄,20,2019-12-03
호야,20,2019-12-03
후추,20,2019-12-03
곰이,19,2019-12-03
로이,19,2019-12-03
뿌꾸,19,2019-12-03
솜,19,2019-12-03
진주,19,2019-12-03
포미,19,2019-12-03
행복이,19,2019-12-03
담비,18,2019-12-03
또리,18,2019-12-03
로미,18,2019-12-03
밤비,18,2019-12-03
복돌,18,2019-12-03
봉구,18,2019-12-03
순돌이,18,2019-12-03
써니,18,2019-12-03
탄이,18,2019-12-03
깜비,17,2019-12-03
꼬마,17,2019-12-03
대박,17,2019-12-03
루피,17,2019-12-03
설이,17,2019-12-03
깜이,16,2019-12-03
꽁이,16,2019-12-03
꽃님,16,2019-12-03
꾸꾸,16,2019-12-03
바니,16,2019-12-03
장군이,16,2019-12-03
재롱,16,2019-12-03
깜순이,15,2019-12-03
단지,15,2019-12-03
동이,15,2019-12-03
딱지,15,2019-12-03
비비,15,2019-12-03
설,15,2019-12-03
순둥이,15,2019-12-03
슈슈,15,2019-12-03
우유,15,2019-12-03
우주,15,2019-12-03
콜라,15,2019-12-03
폴,15,2019-12-03
까비,14,2019-12-03
다롱,14,2019-12-03
대박이,14,2019-12-03
릴리,14,2019-12-03
미남,14,2019-12-03
솔,14,2019-12-03
심바,14,2019-12-03
희동,14,2019-12-03
희망,14,2019-12-03
가을이,13,2019-12-03
깜순,13,2019-12-03
깜지,13,2019-12-03
꽃님이,13,2019-12-03
나무,13,2019-12-03
동동이,13,2019-12-03
순돌,13,2019-12-03
엄지,13,2019-12-03
요미,13,2019-12-03
이슬,13,2019-12-03
재롱이,13,2019-12-03
포도,13,2019-12-03
푸딩,13,2019-12-03
달,12,2019-12-03
달콩,12,2019-12-03
도리,12,2019-12-03
레이,12,2019-12-03
밀키,12,2019-12-03
베베,12,2019-12-03
세리,12,2019-12-03
아미,12,2019-12-03
유키,12,2019-12-03
자두,12,2019-12-03
조이,12,2019-12-03
지니,12,2019-12-03
진돌이,12,2019-12-03
쵸파,12,2019-12-03
칸,12,2019-12-03
태양,12,2019-12-03
토미,12,2019-12-03
희망이,12,2019-12-03
구찌,11,2019-12-03
난이,11,2019-12-03
도담,11,2019-12-03
동동,11,2019-12-03
땡이,11,2019-12-03
또치,11,2019-12-03
루시,11,2019-12-03
마로,11,2019-12-03
멍이,11,2019-12-03
백구,11,2019-12-03
봉봉,11,2019-12-03
삼식이,11,2019-12-03
연두,11,2019-12-03
짱가,11,2019-12-03
캐리,11,2019-12-03
캔디,11,2019-12-03
콩순이,11,2019-12-03
행운,11,2019-12-03
까망,10,2019-12-03
뚜비,10,2019-12-03
뚱,10,2019-12-03
라이,10,2019-12-03
막내,10,2019-12-03
망치,10,2019-12-03
뭉이,10,2019-12-03
밀크,10,2019-12-03
바다,10,2019-12-03
반달,10,2019-12-03
버디,10,2019-12-03
복순,10,2019-12-03
봉자,10,2019-12-03
뽀,10,2019-12-03
뽀야,10,2019-12-03
소리,10,2019-12-03
아톰,10,2019-12-03
연탄,10,2019-12-03
우디,10,2019-12-03
웅이,10,2019-12-03
진순이,10,2019-12-03
진이,10,2019-12-03
찌루,10,2019-12-03
천둥,10,2019-12-03
치즈,10,2019-12-03
탱이,10,2019-12-03
토니,10,2019-12-03
파이,10,2019-12-03
포비,10,2019-12-03
해리,10,2019-12-03
강이,9,2019-12-03
곰,9,2019-12-03
금비,9,2019-12-03
꼬맹,9,2019-12-03
꿈이,9,2019-12-03
다미,9,2019-12-03
다솜,9,2019-12-03
달님,9,2019-12-03
두유,9,2019-12-03
미루,9,2019-12-03
바비,9,2019-12-03
밤,9,2019-12-03
백설,9,2019-12-03
보니,9,2019-12-03
볼트,9,2019-12-03
봉순이,9,2019-12-03
삼순이,9,2019-12-03
소금,9,2019-12-03
솔이,9,2019-12-03
슈,9,2019-12-03
알콩,9,2019-12-03
엘리,9,2019-12-03
여름이,9,2019-12-03
유리,9,2019-12-03
쭌,9,2019-12-03
쮸쮸,9,2019-12-03
차차,9,2019-12-03
코니,9,2019-12-03
포포,9,2019-12-03
하리,9,2019-12-03
하치,9,2019-12-03
흰둥,9,2019-12-03
가지,8,2019-12-03
검둥이,8,2019-12-03
곰순이,8,2019-12-03
금동이,8,2019-12-03
노마,8,2019-12-03
도토리,8,2019-12-03
돌돌이,8,2019-12-03
돌이,8,2019-12-03
라임,8,2019-12-03
메이,8,2019-12-03
몽구,8,2019-12-03
밍크,8,2019-12-03
배추,8,2019-12-03
봉순,8,2019-12-03
봉이,8,2019-12-03
샤샤,8,2019-12-03
설탕,8,2019-12-03
숑,8,2019-12-03
아라,8,2019-12-03
아랑,8,2019-12-03
왕자,8,2019-12-03
이슬이,8,2019-12-03
자몽,8,2019-12-03
칸쵸,8,2019-12-03
케리,8,2019-12-03
타미,8,2019-12-03
토르,8,2019-12-03
포리,8,2019-12-03
갈비,7,2019-12-03
겨울이,7,2019-12-03
골드,7,2019-12-03
귀요미,7,2019-12-03
김치,7,2019-12-03
꼭지,7,2019-12-03
나라,7,2019-12-03
누룽지,7,2019-12-03
달봉,7,2019-12-03
달자,7,2019-12-03
달콩이,7,2019-12-03
댕이,7,2019-12-03
더미,7,2019-12-03
덕구,7,2019-12-03
동구,7,2019-12-03
돼지,7,2019-12-03
두치,7,2019-12-03
라라,7,2019-12-03
리키,7,2019-12-03
마요,7,2019-12-03
막둥이,7,2019-12-03
미남이,7,2019-12-03
백호,7,2019-12-03
보미,7,2019-12-03
복덩이,7,2019-12-03
복동이,7,2019-12-03
쁘띠,7,2019-12-03
산이,7,2019-12-03
삼순,7,2019-12-03
샛별,7,2019-12-03
순대,7,2019-12-03
쎄미,7,2019-12-03
아름,7,2019-12-03
아키,7,2019-12-03
앙꼬,7,2019-12-03
웅,7,2019-12-03
잔디,7,2019-12-03
쪼쪼,7,2019-12-03
쭈니,7,2019-12-03
춘자,7,2019-12-03
춘향,7,2019-12-03
포니,7,2019-12-03
폴리,7,2019-12-03
하랑이,7,2019-12-03
하비,7,2019-12-03
햇님,7,2019-12-03
호빵,7,2019-12-03
환희,7,2019-12-03
희동이,7,2019-12-03
견우,6,2019-12-03
곰돌,6,2019-12-03
곰순,6,2019-12-03
구슬,6,2019-12-03
깐돌,6,2019-12-03
깡이,6,2019-12-03
깨비,6,2019-12-03
꽁지,6,2019-12-03
둥둥이,6,2019-12-03
똘똘,6,2019-12-03
띵똥,6,2019-12-03
라온,6,2019-12-03
루니,6,2019-12-03
리오,6,2019-12-03
마음이,6,2019-12-03
민이,6,2019-12-03
바우,6,2019-12-03
밤톨이,6,2019-12-03
벼리,6,2019-12-03
복이,6,2019-12-03
봉지,6,2019-12-03
뽀리,6,2019-12-03
삼돌이,6,2019-12-03
숑숑,6,2019-12-03
순심이,6,2019-12-03
시로,6,2019-12-03
시루,6,2019-12-03
신이,6,2019-12-03
아가,6,2019-12-03
애플,6,2019-12-03
엔젤,6,2019-12-03
오드리,6,2019-12-03
오레오,6,2019-12-03
용이,6,2019-12-03
졸리,6,2019-12-03
준,6,2019-12-03
쭈,6,2019-12-03
찡찡,6,2019-12-03
초이,6,2019-12-03
코비,6,2019-12-03
코카,6,2019-12-03
쿠쿠,6,2019-12-03
쿤,6,2019-12-03
킹,6,2019-12-03
탱구,6,2019-12-03
탱자,6,2019-12-03
통키,6,2019-12-03
팡이,6,2019-12-03
행운이,6,2019-12-03
홍시,6,2019-12-03
금동,5,2019-12-03
금이,5,2019-12-03
기쁨,5,2019-12-03
기쁨이,5,2019-12-03
깜디,5,2019-12-03
꽁치,5,2019-12-03
꽃순이,5,2019-12-03
꾸미,5,2019-12-03
꿈,5,2019-12-03
꿍이,5,2019-12-03
나니,5,2019-12-03
나비,5,2019-12-03
누렁이,5,2019-12-03
단,5,2019-12-03
도비,5,2019-12-03
동글이,5,2019-12-03
두산,5,2019-12-03
또띠,5,2019-12-03
또미,5,2019-12-03
똑순이,5,2019-12-03
똘,5,2019-12-03
똘망이,5,2019-12-03
랄라,5,2019-12-03
렉스,5,2019-12-03
루나,5,2019-12-03
룰루,5,2019-12-03
링고,5,2019-12-03
마스,5,2019-12-03
마음,5,2019-12-03
만복,5,2019-12-03
만세,5,2019-12-03
맹구,5,2019-12-03
먼지,5,2019-12-03
모란,5,2019-12-03
모리,5,2019-12-03
몽글이,5,2019-12-03
몽룡,5,2019-12-03
뭉,5,2019-12-03
미자,5,2019-12-03
민지,5,2019-12-03
밀루,5,2019-12-03
반디,5,2019-12-03
밤이,5,2019-12-03
버들,5,2019-12-03
보라,5,2019-12-03
보름,5,2019-12-03
보보,5,2019-12-03
복남이,5,2019-12-03
빈,5,2019-12-03
뽀돌,5,2019-12-03
뽀송,5,2019-12-03
뽀송이,5,2019-12-03
뽀숑,5,2019-12-03
뿐이,5,2019-12-03
살구,5,2019-12-03
소망,5,2019-12-03
소주,5,2019-12-03
수,5,2019-12-03
순금,5,2019-12-03
슈나,5,2019-12-03
아띠,5,2019-12-03
아름이,5,2019-12-03
아토,5,2019-12-03
얼룩이,5,2019-12-03
열매,5,2019-12-03
원이,5,2019-12-03
이누,5,2019-12-03
이브,5,2019-12-03
장미,5,2019-12-03
제제,5,2019-12-03
젤리,5,2019-12-03
줄리,5,2019-12-03
짜루,5,2019-12-03
짱,5,2019-12-03
쪼코,5,2019-12-03
찡,5,2019-12-03
찡이,5,2019-12-03
찡찡이,5,2019-12-03
천둥이,5,2019-12-03
철수,5,2019-12-03
축복,5,2019-12-03
치치,5,2019-12-03
커피,5,2019-12-03
콩순,5,2019-12-03
콩알,5,2019-12-03
콩콩,5,2019-12-03
콩콩이,5,2019-12-03
키키,5,2019-12-03
킹콩,5,2019-12-03
테디,5,2019-12-03
푸름,5,2019-12-03
푸름이,5,2019-12-03
푸푸,5,2019-12-03
하랑,5,2019-12-03
하트,5,2019-12-03
허니,5,2019-12-03
혜리,5,2019-12-03
홍이,5,2019-12-03
간지,4,2019-12-03
강산,4,2019-12-03
고미,4,2019-12-03
곤지,4,2019-12-03
구월이,4,2019-12-03
까꿍,4,2019-12-03
까망이,4,2019-12-03
깍지,4,2019-12-03
깜돌,4,2019-12-03
깜돌이,4,2019-12-03
깜둥이,4,2019-12-03
꼬야,4,2019-12-03
꼴통,4,2019-12-03
꼼지,4,2019-12-03
꽁,4,2019-12-03
노아,4,2019-12-03
단이,4,2019-12-03
달봉이,4,2019-12-03
달수,4,2019-12-03
담이,4,2019-12-03
대니,4,2019-12-03
도치,4,2019-12-03
돌쇠,4,2019-12-03
두나,4,2019-12-03
두두,4,2019-12-03
땅콩이,4,2019-12-03
땡구,4,2019-12-03
또롱이,4,2019-12-03
또이,4,2019-12-03
똥이,4,2019-12-03
랑,4,2019-12-03
랑이,4,2019-12-03
래미,4,2019-12-03
로다,4,2019-12-03
로빈,4,2019-12-03
리코,4,2019-12-03
링링,4,2019-12-03
마티,4,2019-12-03
머니,4,2019-12-03
머루,4,2019-12-03
메롱,4,2019-12-03
몽글,4,2019-12-03
몽몽이,4,2019-12-03
뭉크,4,2019-12-03
미카,4,2019-12-03
민트,4,2019-12-03
밍밍,4,2019-12-03
바둑이,4,2019-12-03
바리,4,2019-12-03
밤톨,4,2019-12-03
방구,4,2019-12-03
베스,4,2019-12-03
벤,4,2019-12-03
벨라,4,2019-12-03
별님,4,2019-12-03
보람,4,2019-12-03
보스,4,2019-12-03
비비안,4,2019-12-03
빙고,4,2019-12-03
빵구,4,2019-12-03
빵이,4,2019-12-03
빼꼼,4,2019-12-03
뽀식이,4,2019-12-03
쁘니,4,2019-12-03
쁜이,4,2019-12-03
삐용,4,2019-12-03
산,4,2019-12-03
산타,4,2019-12-03
상추,4,2019-12-03
새롬,4,2019-12-03
새벽이,4,2019-12-03
새봄,4,2019-12-03
샌디,4,2019-12-03
샤넬,4,2019-12-03
샬롬,4,2019-12-03
설기,4,2019-12-03
세나,4,2019-12-03
셔리,4,2019-12-03
소피,4,2019-12-03
순심,4,2019-12-03
쎄라,4,2019-12-03
아루,4,2019-12-03
아찌,4,2019-12-03
알리,4,2019-12-03
애니,4,2019-12-03
연지,4,2019-12-03
영이,4,2019-12-03
오복이,4,2019-12-03
와리,4,2019-12-03
완두,4,2019-12-03
월이,4,2019-12-03
유자,4,2019-12-03
율무,4,2019-12-03
은지,4,2019-12-03
제이,4,2019-12-03
주니,4,2019-12-03
주디,4,2019-12-03
준이,4,2019-12-03
진,4,2019-12-03
진순,4,2019-12-03
쫄랑이,4,2019-12-03
쭈리,4,2019-12-03
찐빵,4,2019-12-03
첫눈이,4,2019-12-03
청이,4,2019-12-03
축복이,4,2019-12-03
카카,4,2019-12-03
코난,4,2019-12-03
콩자,4,2019-12-03
콩지,4,2019-12-03
쿠니,4,2019-12-03
큐티,4,2019-12-03
크리스,4,2019-12-03
타니,4,2019-12-03
탁구,4,2019-12-03
태평,4,2019-12-03
태풍이,4,2019-12-03
토비,4,2019-12-03
톰,4,2019-12-03
튼튼이,4,2019-12-03
파니,4,2019-12-03
페페,4,2019-12-03
하울,4,2019-12-03
하쿠,4,2019-12-03
호동,4,2019-12-03
호동이,4,2019-12-03
호수,4,2019-12-03
황구,4,2019-12-03
희야,4,2019-12-03
가루,3,2019-12-03
강지,3,2019-12-03
건강이,3,2019-12-03
고구마,3,2019-12-03
관우,3,2019-12-03
구리,3,2019-12-03
구마,3,2019-12-03
구월,3,2019-12-03
국수,3,2019-12-03
그림,3,2019-12-03
금순,3,2019-12-03
까뮈,3,2019-12-03
깜,3,2019-12-03
깜치,3,2019-12-03
깡,3,2019-12-03
깡순이,3,2019-12-03
꼬몽,3,2019-12-03
꼬물,3,2019-12-03
나루,3,2019-12-03
남이,3,2019-12-03
냉이,3,2019-12-03
니키,3,2019-12-03
다니엘,3,2019-12-03
다래,3,2019-12-03
다복,3,2019-12-03
다비,3,2019-12-03
다정,3,2019-12-03
다크,3,2019-12-03
단풍,3,2019-12-03
달구,3,2019-12-03
달님이,3,2019-12-03
달리,3,2019-12-03
달심,3,2019-12-03
대꾸,3,2019-12-03
대추,3,2019-12-03
덕배,3,2019-12-03
도담이,3,2019-12-03
돌체,3,2019-12-03
두기,3,2019-12-03
두루,3,2019-12-03
디오,3,2019-12-03
딩가,3,2019-12-03
딴지,3,2019-12-03
땡칠이,3,2019-12-03
땡큐,3,2019-12-03
또순이,3,2019-12-03
똘순이,3,2019-12-03
뚜껑,3,2019-12-03
뚜뚜,3,2019-12-03
라봉,3,2019-12-03
라키,3,2019-12-03
레옹,3,2019-12-03
로니,3,2019-12-03
로로,3,2019-12-03
로즈,3,2019-12-03
로키,3,2019-12-03
롤리,3,2019-12-03
마늘,3,2019-12-03
마루치,3,2019-12-03
마린,3,2019-12-03
마오,3,2019-12-03
마초,3,2019-12-03
맥스,3,2019-12-03
머털이,3,2019-12-03
머피,3,2019-12-03
멍구,3,2019-12-03
메시,3,2019-12-03
모아,3,2019-12-03
목화,3,2019-12-03
몰리,3,2019-12-03
몽몽,3,2019-12-03
무무,3,2019-12-03
뭉실,3,2019-12-03
민국,3,2019-12-03
믿음,3,2019-12-03
바닐라,3,2019-12-03
바라,3,2019-12-03
바람,3,2019-12-03
바람이,3,2019-12-03
바미,3,2019-12-03
백곰,3,2019-12-03
벤지,3,2019-12-03
보름이,3,2019-12-03
보배,3,2019-12-03
복길,3,2019-12-03
복남,3,2019-12-03
복동,3,2019-12-03
복만,3,2019-12-03
봉,3,2019-12-03
봉실,3,2019-12-03
블랑,3,2019-12-03
블루,3,2019-12-03
비누,3,2019-12-03
빌리,3,2019-12-03
빛나,3,2019-12-03
빠삐,3,2019-12-03
사과,3,2019-12-03
사월이,3,2019-12-03
산들,3,2019-12-03
삼식,3,2019-12-03
새롬이,3,2019-12-03
새롱,3,2019-12-03
샛별이,3,2019-12-03
세미,3,2019-12-03
셀리,3,2019-12-03
소다,3,2019-12-03
소망이,3,2019-12-03
쇼리,3,2019-12-03
수동,3,2019-12-03
수리,3,2019-12-03
수지,3,2019-12-03
순덕,3,2019-12-03
슈가,3,2019-12-03
시온,3,2019-12-03
신비,3,2019-12-03
심쿵,3,2019-12-03
아랑이,3,2019-12-03
아론,3,2019-12-03
아이,3,2019-12-03
아치,3,2019-12-03
알도,3,2019-12-03
알콩이,3,2019-12-03
앤디,3,2019-12-03
앨빈,3,2019-12-03
양순이,3,2019-12-03
양이,3,2019-12-03
엣지,3,2019-12-03
여우,3,2019-12-03
연이,3,2019-12-03
열무,3,2019-12-03
영심,3,2019-12-03
영심이,3,2019-12-03
오월이,3,2019-12-03
오이,3,2019-12-03
요다,3,2019-12-03
용,3,2019-12-03
우치,3,2019-12-03
웅자,3,2019-12-03
워리,3,2019-12-03
윌리,3,2019-12-03
유비,3,2019-12-03
유진,3,2019-12-03
율,3,2019-12-03
은돌,3,2019-12-03
은동,3,2019-12-03
은총,3,2019-12-03
이순이,3,2019-12-03
이장군,3,2019-12-03
자루,3,2019-12-03
장금이,3,2019-12-03
재니,3,2019-12-03
조아,3,2019-12-03
주리,3,2019-12-03
쥴리,3,2019-12-03
지지,3,2019-12-03
짜장,3,2019-12-03
쪼롱이,3,2019-12-03
쫑아,3,2019-12-03
쭈삐,3,2019-12-03
찌찌,3,2019-12-03
찡코,3,2019-12-03
찰스,3,2019-12-03
춘심,3,2019-12-03
츄,3,2019-12-03
츄츄,3,2019-12-03
츄파,3,2019-12-03
치타,3,2019-12-03
캐미,3,2019-12-03
코아,3,2019-12-03
콩쥐,3,2019-12-03
쿤이,3,2019-12-03
크롱,3,2019-12-03
태양이,3,2019-12-03
태자,3,2019-12-03
토이,3,2019-12-03
통통이,3,2019-12-03
티나,3,2019-12-03
파랑이,3,2019-12-03
팝콘,3,2019-12-03
포동,3,2019-12-03
포스,3,2019-12-03
퐁이,3,2019-12-03
푸치,3,2019-12-03
풍이,3,2019-12-03
피트,3,2019-12-03
하얀이,3,2019-12-03
해달,3,2019-12-03
햇살,3,2019-12-03
행주,3,2019-12-03
향기,3,2019-12-03
향이,3,2019-12-03
호피,3,2019-12-03
효리,3,2019-12-03
희봉,3,2019-12-03
흰돌,3,2019-12-03
흰돌이,3,2019-12-03
히로,3,2019-12-03
angel,2,2019-12-03
COCO,2,2019-12-03
Happy,2,2019-12-03
kitty,2,2019-12-03
Leonardo da vinci,2,2019-12-03
가비,2,2019-12-03
가오,2,2019-12-03
감초,2,2019-12-03
갑순,2,2019-12-03
갑순이,2,2019-12-03
강돌이,2,2019-12-03
강아,2,2019-12-03
강아리,2,2019-12-03
강아지,2,2019-12-03
개간지,2,2019-12-03
개똥이,2,2019-12-03
갱지,2,2019-12-03
건,2,2019-12-03
건강,2,2019-12-03
검순이,2,2019-12-03
고운,2,2019-12-03
고츄,2,2019-12-03
곤,2,2019-12-03
곰비,2,2019-12-03
공심,2,2019-12-03
구슬이,2,2019-12-03
국희,2,2019-12-03
군밤,2,2019-12-03
귀동이,2,2019-12-03
그미,2,2019-12-03
금,2,2019-12-03
길동,2,2019-12-03
김구름,2,2019-12-03
김동숙,2,2019-12-03
김마린,2,2019-12-03
김별,2,2019-12-03
김복실,2,2019-12-03
김초롱,2,2019-12-03
김탄,2,2019-12-03
까까,2,2019-12-03
까꿍이,2,2019-12-03
까리,2,2019-12-03
까매,2,2019-12-03
까몽,2,2019-12-03
까칠이,2,2019-12-03
깍쟁이,2,2019-12-03
깜냥,2,2019-12-03
깜미,2,2019-12-03
깜봉,2,2019-12-03
깜시,2,2019-12-03
깜식,2,2019-12-03
깜찍이,2,2019-12-03
깡총,2,2019-12-03
꺼멍,2,2019-12-03
껌딱지,2,2019-12-03
꼬꼬,2,2019-12-03
꼬리,2,2019-12-03
꼬모,2,2019-12-03
꼬봉,2,2019-12-03
꼬봉이,2,2019-12-03
꼬삐,2,2019-12-03
꼬순,2,2019-12-03
꼬질이,2,2019-12-03
꼼,2,2019-12-03
꼼이,2,2019-12-03
꽃돌이,2,2019-12-03
꽃분이,2,2019-12-03
꽃순,2,2019-12-03
꽃잎이,2,2019-12-03
꽃지,2,2019-12-03
꾸기,2,2019-12-03
꾸리,2,2019-12-03
꾹이,2,2019-12-03
꿀,2,2019-12-03
뀨,2,2019-12-03
나떼,2,2019-12-03
나오미,2,2019-12-03
나이키,2,2019-12-03
나츠,2,2019-12-03
날두,2,2019-12-03
네오,2,2019-12-03
노노,2,2019-12-03
노랑이,2,2019-12-03
노랭이,2,2019-12-03
노리,2,2019-12-03
노엘,2,2019-12-03
눈송이,2,2019-12-03
늘이,2,2019-12-03
능이,2,2019-12-03
니니,2,2019-12-03
다나,2,2019-12-03
다라,2,2019-12-03
다린,2,2019-12-03
다발,2,2019-12-03
다복이,2,2019-12-03
다이아,2,2019-12-03
단무지,2,2019-12-03
단풍이,2,2019-12-03
달미,2,2019-12-03
달순,2,2019-12-03
달콤,2,2019-12-03
달콤이,2,2019-12-03
당근,2,2019-12-03
당근이,2,2019-12-03
대로,2,2019-12-03
대빵,2,2019-12-03
대순,2,2019-12-03
대포,2,2019-12-03
대한,2,2019-12-03
댕댕,2,2019-12-03
댕댕이,2,2019-12-03
덕선,2,2019-12-03
덕자,2,2019-12-03
덤보,2,2019-12-03
덩이,2,2019-12-03
뎅이,2,2019-12-03
도꾸,2,2019-12-03
도니,2,2019-12-03
도연,2,2019-12-03
도키,2,2019-12-03
독도,2,2019-12-03
돌돌,2,2019-12-03
동순,2,2019-12-03
동순이,2,2019-12-03
동식,2,2019-12-03
동키,2,2019-12-03
된장이,2,2019-12-03
두솔이,2,2019-12-03
두찌,2,2019-12-03
두콩,2,2019-12-03
둘이,2,2019-12-03
둥실,2,2019-12-03
들이,2,2019-12-03
딩구,2,2019-12-03
딩동,2,2019-12-03
딩크,2,2019-12-03
따구,2,2019-12-03
따봉,2,2019-12-03
딸콩,2,2019-12-03
때지,2,2019-12-03
땡순이,2,2019-12-03
땡칠,2,2019-12-03
떡대,2,2019-12-03
떼루,2,2019-12-03
또몽,2,2019-12-03
또순,2,2019-12-03
또야,2,2019-12-03
또자,2,2019-12-03
똘망,2,2019-12-03
똘복,2,2019-12-03
똘비,2,2019-12-03
뚜띠,2,2019-12-03
뚜이,2,2019-12-03
뚠뚠,2,2019-12-03
뚱쓰,2,2019-12-03
뚱자,2,2019-12-03
뚱지,2,2019-12-03
띵,2,2019-12-03
띵호와,2,2019-12-03
라비,2,2019-12-03
라운,2,2019-12-03
라이언,2,2019-12-03
래리,2,2019-12-03
레고,2,2019-12-03
레아,2,2019-12-03
레인,2,2019-12-03
로라,2,2019-12-03
로리,2,2019-12-03
로아,2,2019-12-03
록키,2,2019-12-03
루다,2,2019-12-03
루리,2,2019-12-03
루팡,2,2019-12-03
리나,2,2019-12-03
리니,2,2019-12-03
리베,2,2019-12-03
리보,2,2019-12-03
리야,2,2019-12-03
리지,2,2019-12-03
린,2,2019-12-03
마롱,2,2019-12-03
마야,2,2019-12-03
마에,2,2019-12-03
마찌,2,2019-12-03
마크,2,2019-12-03
만복이,2,2019-12-03
말랑,2,2019-12-03
말랑이,2,2019-12-03
말순,2,2019-12-03
말순이,2,2019-12-03
머핀,2,2019-12-03
멍,2,2019-12-03
멍군,2,2019-12-03
멍돌이,2,2019-12-03
멍뭉이,2,2019-12-03
멍섭이,2,2019-12-03
멍순,2,2019-12-03
멍순이,2,2019-12-03
메롱이,2,2019-12-03
모니,2,2019-12-03
모란이,2,2019-12-03
못난이,2,2019-12-03
몽돌,2,2019-12-03
몽돌이,2,2019-12-03
몽룡이,2,2019-12-03
몽순이,2,2019-12-03
몽키,2,2019-12-03
무비,2,2019-12-03
무스,2,2019-12-03
무지,2,2019-12-03
문수,2,2019-12-03
뭉뭉,2,2019-12-03
뭉실이,2,2019-12-03
뭉지,2,2019-12-03
뮤,2,2019-12-03
미나,2,2019-12-03
미녀,2,2019-12-03
미래,2,2019-12-03
미정,2,2019-12-03
미호,2,2019-12-03
민희,2,2019-12-03
믿음이,2,2019-12-03
밀리,2,2019-12-03
밍,2,2019-12-03
바글,2,2019-12-03
바둑,2,2019-12-03
바울,2,2019-12-03
박사,2,2019-12-03
박하,2,2019-12-03
반,2,2019-12-03
반야,2,2019-12-03
반이,2,2019-12-03
반지,2,2019-12-03
발리,2,2019-12-03
방글이,2,2019-12-03
배배,2,2019-12-03
백설기,2,2019-12-03
백순,2,2019-12-03
백억,2,2019-12-03
백토,2,2019-12-03
버들이,2,2019-12-03
버블,2,2019-12-03
번개,2,2019-12-03
범이,2,2019-12-03
베니,2,2019-12-03
베컴,2,2019-12-03
벨,2,2019-12-03
보루,2,2019-12-03
보물,2,2019-12-03
보아,2,2019-12-03
복,2,2019-12-03
복구,2,2019-12-03
복길이,2,2019-12-03
복댕이,2,2019-12-03
복뎅이,2,2019-12-03
복식이,2,2019-12-03
봄이 ,2,2019-12-03
봄희,2,2019-12-03
봉남,2,2019-12-03
봉봉이,2,2019-12-03
봉숙이,2,2019-12-03
봉식,2,2019-12-03
부,2,2019-12-03
부리,2,2019-12-03
분이,2,2019-12-03
분홍,2,2019-12-03
붕붕,2,2019-12-03
브라운,2,2019-12-03
비지,2,2019-12-03
비취,2,2019-12-03
빅토,2,2019-12-03
빈이,2,2019-12-03
빠꾸,2,2019-12-03
빵꾸,2,2019-12-03
빼로,2,2019-12-03
뽀글,2,2019-12-03
뽀니,2,2019-12-03
뽀돌이,2,2019-12-03
뽀동,2,2019-12-03
뽀또,2,2019-12-03
뽀비,2,2019-12-03
뽕뽕,2,2019-12-03
뽕이,2,2019-12-03
뿌끄,2,2019-12-03
뿌요,2,2019-12-03
뿡,2,2019-12-03
삐순이,2,2019-12-03
사이,2,2019-12-03
사탕,2,2019-12-03
산들이,2,2019-12-03
삼월,2,2019-12-03
상큼,2,2019-12-03
새별,2,2019-12-03
새싹,2,2019-12-03
샘,2,2019-12-03
생일,2,2019-12-03
샤니,2,2019-12-03
설리,2,2019-12-03
세바스찬,2,2019-12-03
세븐,2,2019-12-03
센세,2,2019-12-03
소미,2,2019-12-03
소보루,2,2019-12-03
솔비,2,2019-12-03
솜사탕,2,2019-12-03
솜솜,2,2019-12-03
수박,2,2019-12-03
수키,2,2019-12-03
순덕이,2,2019-12-03
순둥,2,2019-12-03
순삭,2,2019-12-03
순자,2,2019-12-03
스카,2,2019-12-03
슬기,2,2019-12-03
슬이,2,2019-12-03
승리,2,2019-12-03
시봉,2,2019-12-03
시아,2,2019-12-03
시월이,2,2019-12-03
신깜순,2,2019-12-03
실버,2,2019-12-03
싸리,2,2019-12-03
싼쵸,2,2019-12-03
싼타,2,2019-12-03
쌀,2,2019-12-03
쌈디,2,2019-12-03
쌔리,2,2019-12-03
쌔미,2,2019-12-03
썬이,2,2019-12-03
쎄리,2,2019-12-03
쎈,2,2019-12-03
쏭,2,2019-12-03
아들,2,2019-12-03
아로,2,2019-12-03
아장,2,2019-12-03
아쿠,2,2019-12-03
안나,2,2019-12-03
알맹이,2,2019-12-03
알파,2,2019-12-03
앙리,2,2019-12-03
앙팡,2,2019-12-03
애봉,2,2019-12-03
야미,2,2019-12-03
양갱,2,2019-12-03
양갱이,2,2019-12-03
양양,2,2019-12-03
양파,2,2019-12-03
어구리,2,2019-12-03
어리,2,2019-12-03
어쭈,2,2019-12-03
얼큰이,2,2019-12-03
에이미,2,2019-12-03
엠버,2,2019-12-03
여시,2,2019-12-03
여울,2,2019-12-03
연아,2,2019-12-03
열세,2,2019-12-03
영웅,2,2019-12-03
영재,2,2019-12-03
예니,2,2019-12-03
예쁜이,2,2019-12-03
오공,2,2019-12-03
오구,2,2019-12-03
오뎅,2,2019-12-03
오띠,2,2019-12-03
오리,2,2019-12-03
오빠,2,2019-12-03
오투,2,2019-12-03
옥경이,2,2019-12-03
올리,2,2019-12-03
왕초,2,2019-12-03
요놈이,2,2019-12-03
요리,2,2019-12-03
요이,2,2019-12-03
용감,2,2019-12-03
용용,2,2019-12-03
용용이,2,2019-12-03
용팔이,2,2019-12-03
우동,2,2019-12-03
운,2,2019-12-03
워니,2,2019-12-03
유나,2,2019-12-03
유노,2,2019-12-03
유메,2,2019-12-03
유월,2,2019-12-03
은돌이,2,2019-12-03
은동이,2,2019-12-03
은랑,2,2019-12-03
은실,2,2019-12-03
이루,2,2019-12-03
이미남,2,2019-12-03
이복돌,2,2019-12-03
이쁘니,2,2019-12-03
이오,2,2019-12-03
이월,2,2019-12-03
이응,2,2019-12-03
이지,2,2019-12-03
이호,2,2019-12-03
인절미,2,2019-12-03
일구,2,2019-12-03
일로,2,2019-12-03
자몽이,2,2019-12-03
잔쵸,2,2019-12-03
장수,2,2019-12-03
재미,2,2019-12-03
재키,2,2019-12-03
잭,2,2019-12-03
정보리,2,2019-12-03
정복,2,2019-12-03
제시,2,2019-12-03
젬마,2,2019-12-03
조니,2,2019-12-03
조단,2,2019-12-03
조던,2,2019-12-03
주몽,2,2019-12-03
쥬니,2,2019-12-03
쥬디,2,2019-12-03
지구,2,2019-12-03
지호,2,2019-12-03
진도,2,2019-12-03
진돌,2,2019-12-03
진아,2,2019-12-03
진희,2,2019-12-03
징징이,2,2019-12-03
짜르,2,2019-12-03
짜리,2,2019-12-03
짜야,2,2019-12-03
째깐,2,2019-12-03
쨈,2,2019-12-03
쪼꼬미,2,2019-12-03
쫑쫑이,2,2019-12-03
쭌이,2,2019-12-03
쮸삐,2,2019-12-03
차돌,2,2019-12-03
찬이,2,2019-12-03
찰리,2,2019-12-03
참치,2,2019-12-03
천재,2,2019-12-03
철웅,2,2019-12-03
청금,2,2019-12-03
체이스,2,2019-12-03
초리,2,2019-12-03
초원,2,2019-12-03
초초,2,2019-12-03
초파,2,2019-12-03
촐랑,2,2019-12-03
촐랑이,2,2019-12-03
총총이,2,2019-12-03
쵸리,2,2019-12-03
추추,2,2019-12-03
춘배,2,2019-12-03
춘복,2,2019-12-03
춘삼,2,2019-12-03
춘향이,2,2019-12-03
충이,2,2019-12-03
츄리,2,2019-12-03
치비,2,2019-12-03
치오,2,2019-12-03
칠복,2,2019-12-03
카누,2,2019-12-03
카스,2,2019-12-03
카오,2,2019-12-03
칸초,2,2019-12-03
케이티,2,2019-12-03
켈리,2,2019-12-03
코리,2,2019-12-03
코미,2,2019-12-03
코봉,2,2019-12-03
코코아,2,2019-12-03
코크,2,2019-12-03
콜린,2,2019-12-03
콩돌,2,2019-12-03
쿠로,2,2019-12-03
쿠마,2,2019-12-03
쿠야,2,2019-12-03
쿠티,2,2019-12-03
쿠퍼,2,2019-12-03
쿵이,2,2019-12-03
크롬,2,2019-12-03
크리미,2,2019-12-03
크림이,2,2019-12-03
클라라,2,2019-12-03
클로이,2,2019-12-03
키위,2,2019-12-03
키티,2,2019-12-03
타로,2,2019-12-03
타이슨,2,2019-12-03
타쿠,2,2019-12-03
탑,2,2019-12-03
태리,2,2019-12-03
태백,2,2019-12-03
태희,2,2019-12-03
탱크,2,2019-12-03
테니,2,2019-12-03
테일러,2,2019-12-03
토실,2,2019-12-03
통통,2,2019-12-03
퉁이,2,2019-12-03
티민,2,2019-12-03
티코,2,2019-12-03
티티,2,2019-12-03
파마,2,2019-12-03
팡팡,2,2019-12-03
펀치,2,2019-12-03
펄,2,2019-12-03
페라리,2,2019-12-03
페리,2,2019-12-03
페키,2,2019-12-03
포,2,2019-12-03
포근,2,2019-12-03
포뇨,2,2019-12-03
포돌,2,2019-12-03
포돌이,2,2019-12-03
포동이,2,2019-12-03
푸돌,2,2019-12-03
푸우,2,2019-12-03
푸키,2,2019-12-03
풀잎,2,2019-12-03
풍경,2,2019-12-03
풍뎅이,2,2019-12-03
풍산,2,2019-12-03
프린스,2,2019-12-03
피치,2,2019-12-03
피카,2,2019-12-03
핀,2,2019-12-03
필승,2,2019-12-03
핑,2,2019-12-03
핑구,2,2019-12-03
핑크,2,2019-12-03
핑키,2,2019-12-03
하늬,2,2019-12-03
하미,2,2019-12-03
하양,2,2019-12-03
하양이,2,2019-12-03
하울이,2,2019-12-03
하이,2,2019-12-03
하임,2,2019-12-03
하지,2,2019-12-03
하찌,2,2019-12-03
하코,2,2019-12-03
하프,2,2019-12-03
한이,2,2019-12-03
해미,2,2019-12-03
해솔,2,2019-12-03
해탈,2,2019-12-03
햇님이,2,2019-12-03
향숙,2,2019-12-03
허준,2,2019-12-03
현미,2,2019-12-03
현이,2,2019-12-03
현충이,2,2019-12-03
혜준,2,2019-12-03
호돌이,2,2019-12-03
호미,2,2019-12-03
호세,2,2019-12-03
호순이,2,2019-12-03
호시,2,2019-12-03
호원,2,2019-12-03
호프,2,2019-12-03
홈즈,2,2019-12-03
화랑,2,2019-12-03
환,2,2019-12-03
황도,2,2019-12-03
황돌이,2,2019-12-03
후니,2,2019-12-03
후치,2,2019-12-03
후크,2,2019-12-03
훈,2,2019-12-03
훈민,2,2019-12-03
훈이,2,2019-12-03
휴,2,2019-12-03
흰눈이,2,2019-12-03
흰순이,2,2019-12-03
히메,2,2019-12-03
11,1,2019-12-03
리트리버,1,2019-12-03
푸들,1,2019-12-03
 뽀돌,1,2019-12-03
꾝지,1,2019-12-03
뻰찌,1,2019-12-03
쑝,1,2019-12-03
죨리,1,2019-12-03
쩰리,1,2019-12-03
쬬리,1,2019-12-03
큥이,1,2019-12-03
꽃순이,1,2019-12-03
(못)난이,1,2019-12-03
Alan,1,2019-12-03
ARI,1,2019-12-03
BB,1,2019-12-03
Bba Sae,1,2019-12-03
BenBen,1,2019-12-03
bibi,1,2019-12-03
Bro,1,2019-12-03
CCINO,1,2019-12-03
CD,1,2019-12-03
Cola,1,2019-12-03
Diu Diu,1,2019-12-03
DOODOO,1,2019-12-03
D-공주,1,2019-12-03
fofo,1,2019-12-03
Ganesha,1,2019-12-03
GANGSAN,1,2019-12-03
GuLu,1,2019-12-03
J,1,2019-12-03
JB,1,2019-12-03
JeJe(제제),1,2019-12-03
Jermy,1,2019-12-03
JJ,1,2019-12-03
JJong,1,2019-12-03
JOHANN,1,2019-12-03
Joyce,1,2019-12-03
Lacoo,1,2019-12-03
LG,1,2019-12-03
Lucy,1,2019-12-03
MARY,1,2019-12-03
MAX,1,2019-12-03
MYU,1,2019-12-03
Panda,1,2019-12-03
pazang,1,2019-12-03
Rexy,1,2019-12-03
Robin,1,2019-12-03
Roser,1,2019-12-03
Ruel,1,2019-12-03
Sane ,1,2019-12-03
SEONHONG,1,2019-12-03
Sherlock,1,2019-12-03
SHI-TA,1,2019-12-03
SIMBA,1,2019-12-03
Soul,1,2019-12-03
summer,1,2019-12-03
sunday,1,2019-12-03
sunshine,1,2019-12-03
TT,1,2019-12-03
tutu,1,2019-12-03
yeebei,1,2019-12-03
YuanYuan,1,2019-12-03
가넷,1,2019-12-03
가든,1,2019-12-03
가따,1,2019-12-03
가메야,1,2019-12-03
가브리엘,1,2019-12-03
가을하늘,1,2019-12-03
가인,1,2019-12-03
가쪼비,1,2019-12-03
가토,1,2019-12-03
가호,1,2019-12-03
간나,1,2019-12-03
간달프,1,2019-12-03
간숙,1,2019-12-03
간장,1,2019-12-03
갈대,1,2019-12-03
갈치,1,2019-12-03
감,1,2019-12-03
감동이,1,2019-12-03
감이,1,2019-12-03
갑돌,1,2019-12-03
갑돌이,1,2019-12-03
강,1,2019-12-03
강구,1,2019-12-03
강구름,1,2019-12-03
강남,1,2019-12-03
강냉,1,2019-12-03
강냉이,1,2019-12-03
강대리,1,2019-12-03
강돌,1,2019-12-03
강림,1,2019-12-03
강미순,1,2019-12-03
강별,1,2019-12-03
강북,1,2019-12-03
강뽀동,1,2019-12-03
강산이,1,2019-12-03
강삼식,1,2019-12-03
강순,1,2019-12-03
강실,1,2019-12-03
강우,1,2019-12-03
강자,1,2019-12-03
강정,1,2019-12-03
강쥐,1,2019-12-03
강착한별,1,2019-12-03
강치,1,2019-12-03
강칠,1,2019-12-03
강칠이,1,2019-12-03
강콩이,1,2019-12-03
강후추,1,2019-12-03
개구,1,2019-12-03
개나리,1,2019-12-03
개달순,1,2019-12-03
개돌이,1,2019-12-03
개똥,1,2019-12-03
개롱,1,2019-12-03
개리,1,2019-12-03
개만복,1,2019-12-03
개미,1,2019-12-03
개별,1,2019-12-03
개복길,1,2019-12-03
개순이,1,2019-12-03
갱꾸,1,2019-12-03
거두,1,2019-12-03
거루,1,2019-12-03
거뭉이,1,2019-12-03
거미,1,2019-12-03
거북이,1,2019-12-03
거성,1,2019-12-03
건담,1,2019-12-03
건아,1,2019-12-03
건이,1,2019-12-03
건희,1,2019-12-03
검둥,1,2019-12-03
검복이,1,2019-12-03
검은콩,1,2019-12-03
검지,1,2019-12-03
겐조베이비,1,2019-12-03
겜돌이,1,2019-12-03
겨리,1,2019-12-03
격,1,2019-12-03
결이,1,2019-12-03
계란,1,2019-12-03
계백,1,2019-12-03
계피,1,2019-12-03
고개람,1,2019-12-03
고니,1,2019-12-03
고뎅,1,2019-12-03
고동이,1,2019-12-03
고래,1,2019-12-03
고마리,1,2019-12-03
고범,1,2019-12-03
고소미,1,2019-12-03
고솜,1,2019-12-03
고수,1,2019-12-03
고씨,1,2019-12-03
고야,1,2019-12-03
고양이,1,2019-12-03
고우리,1,2019-12-03
고은,1,2019-12-03
고초롱,1,2019-12-03
고크림,1,2019-12-03
고탁순,1,2019-12-03
곤드레,1,2019-12-03
곤이,1,2019-12-03
골든,1,2019-12-03
골디,1,2019-12-03
곰곰이,1,2019-12-03
곰길,1,2019-12-03
곰돌이`,1,2019-12-03
곰둥,1,2019-12-03
곰보,1,2019-12-03
곰실,1,2019-12-03
곰자,1,2019-12-03
곰탄,1,2019-12-03
곰탱,1,2019-12-03
곰탱이,1,2019-12-03
곱슬이,1,2019-12-03
공,1,2019-12-03
공실,1,2019-12-03
공이,1,2019-12-03
공자,1,2019-12-03
곽다운,1,2019-12-03
곽티슈,1,2019-12-03
괌,1,2019-12-03
광복,1,2019-12-03
광복이,1,2019-12-03
광수,1,2019-12-03
광순이,1,2019-12-03
광어,1,2019-12-03
광우,1,2019-12-03
광이,1,2019-12-03
광진,1,2019-12-03
광태,1,2019-12-03
구구,1,2019-12-03
구로,1,2019-12-03
구르미,1,2019-12-03
구름 ,1,2019-12-03
구봉이,1,2019-12-03
구아카,1,2019-12-03
구우미,1,2019-12-03
구진돌,1,2019-12-03
구칠,1,2019-12-03
구피,1,2019-12-03
국자,1,2019-12-03
국지,1,2019-12-03
군도,1,2019-12-03
굴비,1,2019-12-03
굿탑,1,2019-12-03
궁뎅이,1,2019-12-03
궁둥이,1,2019-12-03
궁디,1,2019-12-03
권깐돌,1,2019-12-03
권루이,1,2019-12-03
권재순,1,2019-12-03
권희동 ,1,2019-12-03
귀귀,1,2019-12-03
귀남,1,2019-12-03
귀덕이,1,2019-12-03
귀순이,1,2019-12-03
귀염둥이,1,2019-12-03
귀욤이,1,2019-12-03
귀튀,1,2019-12-03
규리,1,2019-12-03
귤,1,2019-12-03
그니,1,2019-12-03
그래,1,2019-12-03
그레이,1,2019-12-03
그레이스,1,2019-12-03
그리,1,2019-12-03
그리그리,1,2019-12-03
근,1,2019-12-03
근성이,1,2019-12-03
금강,1,2019-12-03
금강이,1,2019-12-03
금댕이,1,2019-12-03
금둥,1,2019-12-03
금둥이,1,2019-12-03
금복,1,2019-12-03
금복이,1,2019-12-03
금샤넬,1,2019-12-03
금순이,1,2019-12-03
금자,1,2019-12-03
금지,1,2019-12-03
기동이,1,2019-12-03
기봉,1,2019-12-03
기상,1,2019-12-03
기욤,1,2019-12-03
기호,1,2019-12-03
길동이,1,2019-12-03
길뭉이,1,2019-12-03
길순,1,2019-12-03
김 솜,1,2019-12-03
김가온,1,2019-12-03
김가은,1,2019-12-03
김곰,1,2019-12-03
김구찌,1,2019-12-03
김군,1,2019-12-03
김금복,1,2019-12-03
김기동,1,2019-12-03
김까루,1,2019-12-03
김나희,1,2019-12-03
김누리,1,2019-12-03
김다롱,1,2019-12-03
김달콩,1,2019-12-03
김덜덜,1,2019-12-03
김두부,1,2019-12-03
김둥둥,1,2019-12-03
김똘,1,2019-12-03
김똘빵,1,2019-12-03
김뚱이,1,2019-12-03
김뚱희,1,2019-12-03
김러키,1,2019-12-03
김마리,1,2019-12-03
김막내,1,2019-12-03
김말숙,1,2019-12-03
김말이,1,2019-12-03
김망고,1,2019-12-03
김모찌,1,2019-12-03
김못남,1,2019-12-03
김몽실,1,2019-12-03
김미미,1,2019-12-03
김바둑,1,2019-12-03
김밥,1,2019-12-03
김보리,1,2019-12-03
김보솜,1,2019-12-03
김복돌,1,2019-12-03
김복순,1,2019-12-03
김뽀미,1,2019-12-03
김사랑,1,2019-12-03
김살구,1,2019-12-03
김설탕,1,2019-12-03
김수,1,2019-12-03
김수강,1,2019-12-03
김순둥,1,2019-12-03
김실장,1,2019-12-03
김아가,1,2019-12-03
김아고,1,2019-12-03
김아롱,1,2019-12-03
김아침,1,2019-12-03
김양,1,2019-12-03
김양파,1,2019-12-03
김언년,1,2019-12-03
김오공,1,2019-12-03
김요나,1,2019-12-03
김은콩,1,2019-12-03
김이순,1,2019-12-03
김일순,1,2019-12-03
김자두,1,2019-12-03
김자몽,1,2019-12-03
김정,1,2019-12-03
김조이,1,2019-12-03
김진이,1,2019-12-03
김쭈쭈,1,2019-12-03
김쮸,1,2019-12-03
김찌찌,1,2019-12-03
김창식,1,2019-12-03
김철수,1,2019-12-03
김초코,1,2019-12-03
김춘삼,1,2019-12-03
김춘자,1,2019-12-03
김코코,1,2019-12-03
김콩콩,1,2019-12-03
김콩희,1,2019-12-03
김쿵,1,2019-12-03
김크롱,1,2019-12-03
김크림,1,2019-12-03
김태양,1,2019-12-03
김푸들,1,2019-12-03
김하양,1,2019-12-03
김해영,1,2019-12-03
김행복,1,2019-12-03
김호빵,1,2019-12-03
김호찌,1,2019-12-03
까나,1,2019-12-03
까로,1,2019-12-03
까롱이,1,2019-12-03
까몽이,1,2019-12-03
까무,1,2019-12-03
까뭉이,1,2019-12-03
까뵤,1,2019-12-03
까불이,1,2019-12-03
까순이,1,2019-12-03
깍꿍,1,2019-12-03
깐,1,2019-12-03
깐깐이,1,2019-12-03
깐순,1,2019-12-03
깐순이,1,2019-12-03
깐죽이,1,2019-12-03
깐지,1,2019-12-03
깐쵸,1,2019-12-03
깔루,1,2019-12-03
깜군,1,2019-12-03
깜바,1,2019-12-03
깜별,1,2019-12-03
깜보,1,2019-12-03
깜복,1,2019-12-03
깜상이,1,2019-12-03
깜씨,1,2019-12-03
깜찍,1,2019-12-03
깜초,1,2019-12-03
깜콩,1,2019-12-03
깜희,1,2019-12-03
깝순,1,2019-12-03
깡냉이,1,2019-12-03
깡주,1,2019-12-03
깡지,1,2019-12-03
깡통,1,2019-12-03
깡패,1,2019-12-03
깡피,1,2019-12-03
깡희,1,2019-12-03
깨롱,1,2019-12-03
깨롱이,1,2019-12-03
깨방정,1,2019-12-03
깨봉,1,2019-12-03
깨순,1,2019-12-03
깨알이,1,2019-12-03
깻잎,1,2019-12-03
깽깽이,1,2019-12-03
껌,1,2019-12-03
꼬깜,1,2019-12-03
꼬돌이,1,2019-12-03
꼬동이,1,2019-12-03
꼬르,1,2019-12-03
꼬망이,1,2019-12-03
꼬멩이,1,2019-12-03
꼬물이,1,2019-12-03
꼬불이,1,2019-12-03
꼬식,1,2019-12-03
꼬실,1,2019-12-03
꼬지,1,2019-12-03
꼬찌,1,2019-12-03
꼭다리,1,2019-12-03
꼼데,1,2019-12-03
꼼순,1,2019-12-03
꼽슬이,1,2019-12-03
꽁보리,1,2019-12-03
꽁자,1,2019-12-03
꽂지,1,2019-12-03
꽃&#49804;이,1,2019-12-03
꽃개,1,2019-12-03
꽃남,1,2019-12-03
꽃남이,1,2019-12-03
꽃송이,1,2019-12-03
꽃잎,1,2019-12-03
꽃찌,1,2019-12-03
꾸,1,2019-12-03
꾸꿍,1,2019-12-03
꾸니,1,2019-12-03
꾸러기,1,2019-12-03
꾸루,1,2019-12-03
꾸비,1,2019-12-03
꿀복,1,2019-12-03
꿀순이,1,2019-12-03
꿍디,1,2019-12-03
꿍스,1,2019-12-03
끄리,1,2019-12-03
끙,1,2019-12-03
끙이,1,2019-12-03
끼남,1,2019-12-03
낑깡,1,2019-12-03
낑낑,1,2019-12-03
낑낑이,1,2019-12-03
나금동,1,2019-12-03
나꽁,1,2019-12-03
나두,1,2019-12-03
나로,1,2019-12-03
나루 ,1,2019-12-03
나린,1,2019-12-03
나물,1,2019-12-03
나미,1,2019-12-03
나산,1,2019-12-03
나초코,1,2019-12-03
나쵸,1,2019-12-03
난나,1,2019-12-03
난니,1,2019-12-03
난희,1,2019-12-03
날동이,1,2019-12-03
날라리,1,2019-12-03
날이,1,2019-12-03
남군,1,2019-12-03
남달리,1,2019-12-03
남동이,1,2019-12-03
남순,1,2019-12-03
남일,1,2019-12-03
남재롱,1,2019-12-03
낫또,1,2019-12-03
낮도깨비,1,2019-12-03
낮이,1,2019-12-03
내뚜,1,2019-12-03
내미,1,2019-12-03
내일,1,2019-12-03
낼,1,2019-12-03
냐냐,1,2019-12-03
냔이,1,2019-12-03
냠냠이,1,2019-12-03
냠이,1,2019-12-03
냥냥이,1,2019-12-03
냥이,1,2019-12-03
너로,1,2019-12-03
넝쿨이,1,2019-12-03
네네,1,2019-12-03
노랑,1,2019-12-03
노맹호,1,2019-12-03
노미,1,2019-12-03
노벨,1,2019-12-03
노을,1,2019-12-03
노장군,1,2019-12-03
노하,1,2019-12-03
녹두,1,2019-12-03
녹두콩,1,2019-12-03
뇽뇽이,1,2019-12-03
누구,1,2019-12-03
누누,1,2019-12-03
누키,1,2019-12-03
눈꽁이,1,2019-12-03
눈누,1,2019-12-03
눈뚱이,1,2019-12-03
눈서리,1,2019-12-03
눈설,1,2019-12-03
눈썹이,1,2019-12-03
눈치,1,2019-12-03
눌,1,2019-12-03
뉴뉴,1,2019-12-03
뉴먼,1,2019-12-03
늘보리,1,2019-12-03
니꾸,1,2019-12-03
니나,1,2019-12-03
니모,1,2019-12-03
니엘,1,2019-12-03
니오,1,2019-12-03
니요,1,2019-12-03
니쭈,1,2019-12-03
니케,1,2019-12-03
니코,1,2019-12-03
닉,1,2019-12-03
닌자,1,2019-12-03
닐,1,2019-12-03
다감,1,2019-12-03
다동,1,2019-12-03
다란,1,2019-12-03
다람,1,2019-12-03
다랑,1,2019-12-03
다랑이,1,2019-12-03
다롬이,1,2019-12-03
다룡,1,2019-12-03
다빈,1,2019-12-03
다소미,1,2019-12-03
다솔,1,2019-12-03
다송,1,2019-12-03
다숑,1,2019-12-03
다슬,1,2019-12-03
다얀메,1,2019-12-03
다온,1,2019-12-03
다올,1,2019-12-03
다운,1,2019-12-03
다위,1,2019-12-03
다윗,1,2019-12-03
다은,1,2019-12-03
다정이,1,2019-12-03
다철,1,2019-12-03
닥돌이,1,2019-12-03
닥훈,1,2019-12-03
단군,1,2019-12-03
단아,1,2019-12-03
단테,1,2019-12-03
단팥,1,2019-12-03
달고나,1,2019-12-03
달곰,1,2019-12-03
달곰이,1,2019-12-03
달궁,1,2019-12-03
달랑이,1,2019-12-03
달린,1,2019-12-03
달양,1,2019-12-03
달타냥,1,2019-12-03
당,1,2019-12-03
당구,1,2019-12-03
당당이,1,2019-12-03
대공,1,2019-12-03
대길,1,2019-12-03
대롱,1,2019-12-03
대롱이,1,2019-12-03
대몽,1,2019-12-03
대문이,1,2019-12-03
대발이,1,2019-12-03
대보,1,2019-12-03
대복이,1,2019-12-03
대상,1,2019-12-03
대순이,1,2019-12-03
대지,1,2019-12-03
댕구,1,2019-12-03
댕기,1,2019-12-03
더치,1,2019-12-03
덕봉,1,2019-12-03
덕부,1,2019-12-03
덕순이,1,2019-12-03
덕심,1,2019-12-03
덕팔,1,2019-12-03
덕필,1,2019-12-03
덕화,1,2019-12-03
덩치,1,2019-12-03
데니,1,2019-12-03
데이,1,2019-12-03
데이빗,1,2019-12-03
데이지,1,2019-12-03
데코,1,2019-12-03
델라,1,2019-12-03
델타,1,2019-12-03
도나,1,2019-12-03
도돌이,1,2019-12-03
도동,1,2019-12-03
도동이,1,2019-12-03
도란,1,2019-12-03
도레,1,2019-12-03
도령,1,2019-12-03
도령이,1,2019-12-03
도로시,1,2019-12-03
도루남,1,2019-12-03
도봉,1,2019-12-03
도봉이,1,2019-12-03
도토리 ,1,2019-12-03
도투,1,2019-12-03
도희,1,2019-12-03
독,1,2019-12-03
독고,1,2019-12-03
독구,1,2019-12-03
돈,1,2019-12-03
돈나,1,2019-12-03
돈돈,1,2019-12-03
돈빵이,1,2019-12-03
돈이,1,2019-12-03
돌스,1,2019-12-03
돌찌,1,2019-12-03
돌체비타,1,2019-12-03
돌프,1,2019-12-03
동건,1,2019-12-03
동국,1,2019-12-03
동글,1,2019-12-03
동돌이,1,2019-12-03
동산이,1,2019-12-03
동생,1,2019-12-03
동자,1,2019-12-03
동주,1,2019-12-03
동지,1,2019-12-03
동해,1,2019-12-03
된장,1,2019-12-03
두고두고,1,2019-12-03
두꺼비,1,2019-12-03
두니,1,2019-12-03
두동,1,2019-12-03
두밀,1,2019-12-03
두북,1,2019-12-03
두비,1,2019-12-03
두비두,1,2019-12-03
두식,1,2019-12-03
두식이,1,2019-12-03
두약,1,2019-12-03
두올,1,2019-12-03
두지,1,2019-12-03
둔둔,1,2019-12-03
둘,1,2019-12-03
둥,1,2019-12-03
둥가,1,2019-12-03
둥구리,1,2019-12-03
둥둥,1,2019-12-03
뒤뚱이,1,2019-12-03
드래곤,1,2019-12-03
드레곤,1,2019-12-03
드림,1,2019-12-03
드림이,1,2019-12-03
득근이,1,2019-12-03
득춘,1,2019-12-03
들,1,2019-12-03
들망이,1,2019-12-03
디노,1,2019-12-03
디디,1,2019-12-03
디올,1,2019-12-03
디토,1,2019-12-03
딘,1,2019-12-03
딜란,1,2019-12-03
딩고,1,2019-12-03
딩동이,1,2019-12-03
딩요,1,2019-12-03
따거,1,2019-12-03
따꿍,1,2019-12-03
따니,1,2019-12-03
따라,1,2019-12-03
따루,1,2019-12-03
따오밍쓰,1,2019-12-03
따이따이,1,2019-12-03
따지,1,2019-12-03
따콩이,1,2019-12-03
딱순,1,2019-12-03
딸랑,1,2019-12-03
땅구,1,2019-12-03
땅꽁,1,2019-12-03
땅비,1,2019-12-03
땡,1,2019-12-03
땡글,1,2019-12-03
땡글이,1,2019-12-03
땡깡,1,2019-12-03
땡깡이,1,2019-12-03
땡삐,1,2019-12-03
땡순,1,2019-12-03
땡중,1,2019-12-03
땡초,1,2019-12-03
떡뻥,1,2019-12-03
떡쇠,1,2019-12-03
떼디,1,2019-12-03
또냐,1,2019-12-03
또똥,1,2019-12-03
또띠똥순,1,2019-12-03
또밍,1,2019-12-03
또봉,1,2019-12-03
또주,1,2019-12-03
또지니,1,2019-12-03
또찌,1,2019-12-03
똑똑,1,2019-12-03
똑똘,1,2019-12-03
똑똘이,1,2019-12-03
똑이,1,2019-12-03
똘랑이,1,2019-12-03
똘멍이,1,2019-12-03
똘방,1,2019-12-03
똘배,1,2019-12-03
똘순,1,2019-12-03
똘추,1,2019-12-03
똘치,1,2019-12-03
똥,1,2019-12-03
똥구리,1,2019-12-03
똥꼬똥꼬,1,2019-12-03
똥짱,1,2019-12-03
똥코,1,2019-12-03
뚜기,1,2019-12-03
뚜껑이,1,2019-12-03
뚜루,1,2019-12-03
뚜리,1,2019-12-03
뚜바,1,2019-12-03
뚜주,1,2019-12-03
뚝딱이,1,2019-12-03
뚝빼기,1,2019-12-03
뚱땡,1,2019-12-03
뚱땡이,1,2019-12-03
뚱띠,1,2019-12-03
뚱순이,1,2019-12-03
뚱식이,1,2019-12-03
뛰뛰,1,2019-12-03
뜰비,1,2019-12-03
띠까,1,2019-12-03
띠롱,1,2019-12-03
띵고,1,2019-12-03
띵동이,1,2019-12-03
띵띵이,1,2019-12-03
띵이,1,2019-12-03
라꼬미,1,2019-12-03
라꿍이,1,2019-12-03
라띠,1,2019-12-03
라미,1,2019-12-03
라벨라,1,2019-12-03
라스,1,2019-12-03
라우,1,2019-12-03
라울,1,2019-12-03
라이또,1,2019-12-03
라차,1,2019-12-03
라카,1,2019-12-03
라탄(Ratan),1,2019-12-03
라티,1,2019-12-03
락커,1,2019-12-03
락키,1,2019-12-03
란,1,2019-12-03
란투스,1,2019-12-03
랄,1,2019-12-03
람보,1,2019-12-03
래복,1,2019-12-03
래오,1,2019-12-03
랙구,1,2019-12-03
랩,1,2019-12-03
러브,1,2019-12-03
러블리,1,2019-12-03
러비,1,2019-12-03
러치,1,2019-12-03
러키,1,2019-12-03
럭스,1,2019-12-03
레니,1,2019-12-03
레레,1,2019-12-03
레몬,1,2019-12-03
레미,1,2019-12-03
레온,1,2019-12-03
레티,1,2019-12-03
렉스톤,1,2019-12-03
렉시,1,2019-12-03
렌,1,2019-12-03
로기,1,2019-12-03
로꼬,1,2019-12-03
로닉,1,2019-12-03
로도,1,2019-12-03
로렌,1,2019-12-03
로렐,1,2019-12-03
로마,1,2019-12-03
로미오,1,2019-12-03
로보,1,2019-12-03
로삼,1,2019-12-03
로시,1,2019-12-03
로엥,1,2019-12-03
로제,1,2019-12-03
로지,1,2019-12-03
로켓,1,2019-12-03
로코,1,2019-12-03
로티,1,2019-12-03
로페,1,2019-12-03
로하,1,2019-12-03
록시,1,2019-12-03
롬,1,2019-12-03
롯티,1,2019-12-03
롱고,1,2019-12-03
루,1,2019-12-03
루기,1,2019-12-03
루미,1,2019-12-03
루민,1,2019-12-03
루벤,1,2019-12-03
루삐,1,2019-12-03
루시드알레,1,2019-12-03
루식,1,2019-12-03
루쓰,1,2019-12-03
루이봉구,1,2019-12-03
루이비똥,1,2019-12-03
루이스,1,2019-12-03
루체,1,2019-12-03
루치,1,2019-12-03
루코,1,2019-12-03
루크,1,2019-12-03
룩이,1,2019-12-03
룩카,1,2019-12-03
룩키,1,2019-12-03
룩희,1,2019-12-03
룽,1,2019-12-03
류지,1,2019-12-03
르네,1,2019-12-03
리따,1,2019-12-03
리버,1,2019-12-03
리번,1,2019-12-03
리본,1,2019-12-03
리브,1,2019-12-03
리사,1,2019-12-03
리아,1,2019-12-03
리안,1,2019-12-03
리온,1,2019-12-03
리움,1,2019-12-03
리티,1,2019-12-03
리피,1,2019-12-03
린드,1,2019-12-03
린짱,1,2019-12-03
릴렉스,1,2019-12-03
링,1,2019-12-03
링컨,1,2019-12-03
마끼,1,2019-12-03
마늘이,1,2019-12-03
마니,1,2019-12-03
마니또,1,2019-12-03
마랑,1,2019-12-03
마론,1,2019-12-03
마르,1,2019-12-03
마리모,1,2019-12-03
마리테레즈,1,2019-12-03
마마,1,2019-12-03
마블,1,2019-12-03
마사루,1,2019-12-03
마시,1,2019-12-03
마애,1,2019-12-03
마우또,1,2019-12-03
마이콜,1,2019-12-03
마일로,1,2019-12-03
마준,1,2019-12-03
마징가,1,2019-12-03
마카,1,2019-12-03
마칸,1,2019-12-03
마코,1,2019-12-03
마탄,1,2019-12-03
마하,1,2019-12-03
마호,1,2019-12-03
막대기,1,2019-12-03
막둥,1,2019-12-03
막뚱이,1,2019-12-03
막순,1,2019-12-03
만가,1,2019-12-03
만덕,1,2019-12-03
만델라,1,2019-12-03
만드레,1,2019-12-03
만득,1,2019-12-03
만땅,1,2019-12-03
만만,1,2019-12-03
만생,1,2019-12-03
만수,1,2019-12-03
만순이,1,2019-12-03
만자,1,2019-12-03
만춘,1,2019-12-03
만치,1,2019-12-03
만큼,1,2019-12-03
말뚝이,1,2019-12-03
말레,1,2019-12-03
말리,1,2019-12-03
말복,1,2019-12-03
말숙,1,2019-12-03
말자,1,2019-12-03
말차,1,2019-12-03
맑음,1,2019-12-03
맛슈,1,2019-12-03
망망,1,2019-12-03
매던,1,2019-12-03
매봉,1,2019-12-03
매직,1,2019-12-03
매화,1,2019-12-03
맥도,1,2019-12-03
맹꽁,1,2019-12-03
맹자,1,2019-12-03
머꾸,1,2019-12-03
머닝,1,2019-12-03
머랭,1,2019-12-03
머털,1,2019-12-03
먹구,1,2019-12-03
먹대,1,2019-12-03
먹쭌,1,2019-12-03
멀대,1,2019-12-03
멀티,1,2019-12-03
멋쟁이,1,2019-12-03
멍개,1,2019-12-03
멍군이,1,2019-12-03
멍돌,1,2019-12-03
멍멍이,1,2019-12-03
멍몽,1,2019-12-03
멍율,1,2019-12-03
멍자,1,2019-12-03
메가,1,2019-12-03
메디,1,2019-12-03
메라,1,2019-12-03
메르,1,2019-12-03
메리메리,1,2019-12-03
메아리,1,2019-12-03
메이캐롤 알버트,1,2019-12-03
메주,1,2019-12-03
멜디,1,2019-12-03
멜로,1,2019-12-03
멜로디,1,2019-12-03
멜리카,1,2019-12-03
명랑이,1,2019-12-03
모과,1,2019-12-03
모닝,1,2019-12-03
모닝콜,1,2019-12-03
모동,1,2019-12-03
모들,1,2019-12-03
모띠,1,2019-12-03
모래,1,2019-12-03
모레,1,2019-12-03
모미,1,2019-12-03
모석,1,2019-12-03
모세,1,2019-12-03
모이,1,2019-12-03
모코,1,2019-12-03
모현,1,2019-12-03
목동,1,2019-12-03
몬돌이,1,2019-12-03
몬순,1,2019-12-03
몬순이,1,2019-12-03
몰랑,1,2019-12-03
몽글이 ,1,2019-12-03
몽두,1,2019-12-03
몽둥이,1,2019-12-03
몽드별이,1,2019-12-03
몽롱,1,2019-12-03
몽매,1,2019-12-03
몽순,1,2019-12-03
몽쉘,1,2019-12-03
몽시,1,2019-12-03
몽클,1,2019-12-03
몽트,1,2019-12-03
몽희,1,2019-12-03
묘한,1,2019-12-03
무,1,2019-12-03
무륵,1,2019-12-03
무리,1,2019-12-03
무명,1,2019-12-03
무상,1,2019-12-03
무시,1,2019-12-03
무한,1,2019-12-03
문꼬꼬,1,2019-12-03
문망고,1,2019-12-03
문별,1,2019-12-03
문세,1,2019-12-03
문이,1,2019-12-03
문찌락,1,2019-12-03
문쿠키,1,2019-12-03
물콩,1,2019-12-03
뭉게구름,1,2019-12-03
뭉구,1,2019-12-03
뭉구름,1,2019-12-03
뭉기,1,2019-12-03
뭉뭉이,1,2019-12-03
뭉치랑,1,2019-12-03
뭉클이,1,2019-12-03
뭉키,1,2019-12-03
뮬란,1,2019-12-03
미가,1,2019-12-03
미겔,1,2019-12-03
미니핀,1,2019-12-03
미돌,1,2019-12-03
미로,1,2019-12-03
미륵,1,2019-12-03
미리,1,2019-12-03
미릴,1,2019-12-03
미밸,1,2019-12-03
미세,1,2019-12-03
미순,1,2019-12-03
미영,1,2019-12-03
미오,1,2019-12-03
미온,1,2019-12-03
미우,1,2019-12-03
미쥬,1,2019-12-03
미쯔,1,2019-12-03
미찌,1,2019-12-03
미치,1,2019-12-03
미카엘,1,2019-12-03
미코,1,2019-12-03
미피,1,2019-12-03
믹키,1,2019-12-03
민,1,2019-12-03
민&#49804;이,1,2019-12-03
민구,1,2019-12-03
민국이,1,2019-12-03
민군,1,2019-12-03
민동,1,2019-12-03
민들레,1,2019-12-03
민빵빵,1,2019-12-03
민아,1,2019-12-03
민진,1,2019-12-03
밍고,1,2019-12-03
밍구,1,2019-12-03
밍구기,1,2019-12-03
밍코,1,2019-12-03
바나나,1,2019-12-03
바둥,1,2019-12-03
바로,1,2019-12-03
바론,1,2019-12-03
바바,1,2019-12-03
바버,1,2019-12-03
바벨,1,2019-12-03
바비순,1,2019-12-03
바오,1,2019-12-03
바우주니어,1,2019-12-03
바콩,1,2019-12-03
바하,1,2019-12-03
박가을,1,2019-12-03
박군,1,2019-12-03
박꼬봉,1,2019-12-03
박나나,1,2019-12-03
박동해,1,2019-12-03
박두부,1,2019-12-03
박띵똥,1,2019-12-03
박라봉,1,2019-12-03
박로건,1,2019-12-03
박밤비,1,2019-12-03
박복순,1,2019-12-03
박봄,1,2019-12-03
박봉자,1,2019-12-03
박뿅이,1,2019-12-03
박사랑,1,2019-12-03
박소중,1,2019-12-03
박스,1,2019-12-03
박아지,1,2019-12-03
박어린,1,2019-12-03
박열진,1,2019-12-03
박오뎅,1,2019-12-03
박오동,1,2019-12-03
박웅,1,2019-12-03
박원복,1,2019-12-03
박이 콩,1,2019-12-03
박짜리,1,2019-12-03
박짱아,1,2019-12-03
박콩,1,2019-12-03
박태리,1,2019-12-03
박풍,1,2019-12-03
박해피,1,2019-12-03
박행복,1,2019-12-03
박효건,1,2019-12-03
반글,1,2019-12-03
반반,1,2019-12-03
반죽이,1,2019-12-03
반티,1,2019-12-03
반희,1,2019-12-03
밤송이,1,2019-12-03
밤토리,1,2019-12-03
방개,1,2019-12-03
방세,1,2019-12-03
방자,1,2019-12-03
방진순,1,2019-12-03
방탄,1,2019-12-03
배돌이,1,2019-12-03
배봉순,1,2019-12-03
배츄,1,2019-12-03
백견,1,2019-12-03
백공주,1,2019-12-03
백금,1,2019-12-03
백돌이,1,2019-12-03
백두,1,2019-12-03
백미,1,2019-12-03
백산이,1,2019-12-03
백설공주,1,2019-12-03
백설이,1,2019-12-03
백수봉,1,2019-12-03
백숙이,1,2019-12-03
백아,1,2019-12-03
백일,1,2019-12-03
백일몽,1,2019-12-03
백짓장,1,2019-12-03
백찬,1,2019-12-03
백해피,1,2019-12-03
밴또,1,2019-12-03
밴지,1,2019-12-03
버둥,1,2019-12-03
버리,1,2019-12-03
버섯이,1,2019-12-03
버찌,1,2019-12-03
버치,1,2019-12-03
버터,1,2019-12-03
버티,1,2019-12-03
버피,1,2019-12-03
번트,1,2019-12-03
벌돌,1,2019-12-03
벌크,1,2019-12-03
범,1,2019-12-03
범벅,1,2019-12-03
범블비,1,2019-12-03
벙수,1,2019-12-03
베딕,1,2019-12-03
베라,1,2019-12-03
베르,1,2019-12-03
베르도,1,2019-12-03
베브,1,2019-12-03
베이,1,2019-12-03
베이브,1,2019-12-03
베이비,1,2019-12-03
베이비 아리,1,2019-12-03
베키,1,2019-12-03
베티,1,2019-12-03
베프,1,2019-12-03
벤다,1,2019-12-03
벤스,1,2019-12-03
벤트,1,2019-12-03
벨렝,1,2019-12-03
벨리,1,2019-12-03
벼락,1,2019-12-03
벼루,1,2019-12-03
벽돌이,1,2019-12-03
벽순,1,2019-12-03
별가,1,2019-12-03
별희,1,2019-12-03
보그,1,2019-12-03
보급이,1,2019-12-03
보끔,1,2019-12-03
보나,1,2019-12-03
보냐,1,2019-12-03
보노,1,2019-12-03
보돌,1,2019-12-03
보드레,1,2019-12-03
보드리,1,2019-12-03
보들,1,2019-12-03
보람이,1,2019-12-03
보로미,1,2019-12-03
보롱이,1,2019-12-03
보만이,1,2019-12-03
보바,1,2019-12-03
보브,1,2019-12-03
보비,1,2019-12-03
보석,1,2019-12-03
보송,1,2019-12-03
보순,1,2019-12-03
보잉,1,2019-12-03
보카,1,2019-12-03
복근,1,2019-12-03
복달,1,2019-12-03
복담,1,2019-12-03
복도리,1,2019-12-03
복딩,1,2019-12-03
복뚱,1,2019-12-03
복래,1,2019-12-03
복림,1,2019-12-03
복만이,1,2019-12-03
복방이,1,2019-12-03
복별,1,2019-12-03
복분이,1,2019-12-03
복술,1,2019-12-03
복숭,1,2019-12-03
복슬,1,2019-12-03
복시리,1,2019-12-03
복심이,1,2019-12-03
복운이,1,2019-12-03
복키,1,2019-12-03
복태,1,2019-12-03
볼리,1,2019-12-03
볼매,1,2019-12-03
봄 ,1,2019-12-03
봄2,1,2019-12-03
봄다경,1,2019-12-03
봄달,1,2019-12-03
봄대길,1,2019-12-03
봄비,1,2019-12-03
봄이원,1,2019-12-03
봉군,1,2019-12-03
봉달이,1,2019-12-03
봉돌이,1,2019-12-03
봉땡,1,2019-12-03
봉똘 ,1,2019-12-03
봉봉 ,1,2019-12-03
봉봉이 ,1,2019-12-03
봉산,1,2019-12-03
봉서니,1,2019-12-03
봉숙,1,2019-12-03
봉추,1,2019-12-03
부광,1,2019-12-03
부국,1,2019-12-03
부들밥,1,2019-12-03
부들이,1,2019-12-03
부르,1,2019-12-03
부릉이,1,2019-12-03
부산이,1,2019-12-03
부자,1,2019-12-03
부찌,1,2019-12-03
붐,1,2019-12-03
붕붕이,1,2019-12-03
뷔똥,1,2019-12-03
뷰티,1,2019-12-03
브라우니,1,2019-12-03
브르스,1,2019-12-03
브리,1,2019-12-03
브리짓,1,2019-12-03
브비,1,2019-12-03
블랑이,1,2019-12-03
블랙,1,2019-12-03
블루츄,1,2019-12-03
블리,1,2019-12-03
블링,1,2019-12-03
블링블링,1,2019-12-03
비,1,2019-12-03
비노,1,2019-12-03
비니,1,2019-12-03
비단,1,2019-12-03
비담,1,2019-12-03
비담이,1,2019-12-03
비돌,1,2019-12-03
비똥,1,2019-12-03
비보이,1,2019-12-03
비비아나,1,2019-12-03
비앙카,1,2019-12-03
비주,1,2019-12-03
비쥬,1,2019-12-03
비타니,1,2019-12-03
비토,1,2019-12-03
비통,1,2019-12-03
비투,1,2019-12-03
비트,1,2019-12-03
비호,1,2019-12-03
빅구,1,2019-12-03
빅보스,1,2019-12-03
빅터,1,2019-12-03
빙봉,1,2019-12-03
빙빙,1,2019-12-03
빙수,1,2019-12-03
빙이,1,2019-12-03
빠담,1,2019-12-03
빠루,1,2019-12-03
빠숑,1,2019-12-03
빠숑이,1,2019-12-03
빨대,1,2019-12-03
빵,1,2019-12-03
빵가,1,2019-12-03
빵댕이,1,2019-12-03
빵돌이,1,2019-12-03
빵빵이,1,2019-12-03
빵순,1,2019-12-03
빵순이,1,2019-12-03
빵심이,1,2019-12-03
빵재,1,2019-12-03
빼꼼이,1,2019-12-03
빼끼,1,2019-12-03
빼빼,1,2019-12-03
빼지,1,2019-12-03
빽구,1,2019-12-03
뻠이,1,2019-12-03
뽀글이,1,2019-12-03
뽀까,1,2019-12-03
뽀꿍,1,2019-12-03
뽀끔이,1,2019-12-03
뽀끼,1,2019-12-03
뽀노,1,2019-12-03
뽀달,1,2019-12-03
뽀동이,1,2019-12-03
뽀들이,1,2019-12-03
뽀로,1,2019-12-03
뽀로리,1,2019-12-03
뽀롱이,1,2019-12-03
뽀루,1,2019-12-03
뽀미 ,1,2019-12-03
뽀솜이,1,2019-12-03
뽀순,1,2019-12-03
뽀순이,1,2019-12-03
뽀슈,1,2019-12-03
뽀시,1,2019-12-03
뽀식,1,2019-12-03
뽀신이,1,2019-12-03
뽀쏨,1,2019-12-03
뽀이,1,2019-12-03
뽀티,1,2019-12-03
뽁뽁이,1,2019-12-03
뽈,1,2019-12-03
뽕자,1,2019-12-03
뿅,1,2019-12-03
뿅이,1,2019-12-03
뿌,1,2019-12-03
뿌까,1,2019-12-03
뿌니,1,2019-12-03
뿌뿌,1,2019-12-03
뿌삐,1,2019-12-03
뿌아,1,2019-12-03
뿌용,1,2019-12-03
뿌이,1,2019-12-03
뿌잉,1,2019-12-03
뿡구,1,2019-12-03
뿡순,1,2019-12-03
뿡이,1,2019-12-03
쀼쀼,1,2019-12-03
쁘뜨,1,2019-12-03
쁨,1,2019-12-03
삐까,1,2019-12-03
삐돌이,1,2019-12-03
삐롱이,1,2019-12-03
삐루,1,2019-12-03
삐뽀,1,2019-12-03
삐오,1,2019-12-03
삐요,1,2019-12-03
삐주,1,2019-12-03
삐짱,1,2019-12-03
삥구,1,2019-12-03
사랑해,1,2019-12-03
사루,1,2019-12-03
사리,1,2019-12-03
사막,1,2019-12-03
사무,1,2019-12-03
사비,1,2019-12-03
사슴,1,2019-12-03
사연이,1,2019-12-03
사월,1,2019-12-03
사이다,1,2019-12-03
사자,1,2019-12-03
사행,1,2019-12-03
삭뻥,1,2019-12-03
산누리,1,2019-12-03
산님,1,2019-12-03
산채,1,2019-12-03
산체,1,2019-12-03
산쵸,1,2019-12-03
산호,1,2019-12-03
삼,1,2019-12-03
삼돌,1,2019-12-03
삼동,1,2019-12-03
삼룡,1,2019-12-03
삼무니,1,2019-12-03
삼민이,1,2019-12-03
삼숙이,1,2019-12-03
삼월이,1,2019-12-03
삼일이,1,2019-12-03
삼짝,1,2019-12-03
상근이,1,2019-12-03
상숙이,1,2019-12-03
상순,1,2019-12-03
상식,1,2019-12-03
상어,1,2019-12-03
상엽이,1,2019-12-03
상자,1,2019-12-03
상츄,1,2019-12-03
상큼이,1,2019-12-03
새깜,1,2019-12-03
새달이,1,2019-12-03
새로미,1,2019-12-03
새벽,1,2019-12-03
새봄이,1,2019-12-03
새울,1,2019-12-03
새치,1,2019-12-03
새커멍,1,2019-12-03
새콤,1,2019-12-03
샘돌이,1,2019-12-03
생강,1,2019-12-03
생금,1,2019-12-03
생기,1,2019-12-03
생크림,1,2019-12-03
샤기,1,2019-12-03
샤미,1,2019-12-03
샤방이,1,2019-12-03
샤비,1,2019-12-03
샤오미,1,2019-12-03
샤이니,1,2019-12-03
샤키,1,2019-12-03
샤피,1,2019-12-03
샷츠,1,2019-12-03
샹디,1,2019-12-03
서몽,1,2019-12-03
서비,1,2019-12-03
서순이,1,2019-12-03
서영국,1,2019-12-03
서울,1,2019-12-03
서재,1,2019-12-03
서진,1,2019-12-03
서쪽별,1,2019-12-03
석이,1,2019-12-03
선물,1,2019-12-03
선비,1,2019-12-03
선아,1,2019-12-03
선재,1,2019-12-03
선제,1,2019-12-03
설국,1,2019-12-03
설렘,1,2019-12-03
설희,1,2019-12-03
성난,1,2019-12-03
성남,1,2019-12-03
성심,1,2019-12-03
성이,1,2019-12-03
성초록,1,2019-12-03
성춘향,1,2019-12-03
성탄,1,2019-12-03
세노,1,2019-12-03
세니,1,2019-12-03
세담,1,2019-12-03
세로,1,2019-12-03
세모,1,2019-12-03
세발이,1,2019-12-03
세비,1,2019-12-03
세빈,1,2019-12-03
세이디,1,2019-12-03
세이지,1,2019-12-03
세인트,1,2019-12-03
세콤,1,2019-12-03
세희,1,2019-12-03
셀라,1,2019-12-03
셀레네,1,2019-12-03
셋째,1,2019-12-03
션,1,2019-12-03
셜록,1,2019-12-03
셰프,1,2019-12-03
소꿈,1,2019-12-03
소닉,1,2019-12-03
소담,1,2019-12-03
소라,1,2019-12-03
소란이,1,2019-12-03
소맥,1,2019-12-03
소백산,1,2019-12-03
소스,1,2019-12-03
소오,1,2019-12-03
소울,1,2019-12-03
소원,1,2019-12-03
소원이,1,2019-12-03
소이,1,2019-12-03
소중,1,2019-12-03
소파,1,2019-12-03
소피아,1,2019-12-03
손이오,1,2019-12-03
손하오,1,2019-12-03
솔미,1,2019-12-03
솔져,1,2019-12-03
솜똥,1,2019-12-03
솜솜이,1,2019-12-03
솜희,1,2019-12-03
송망고,1,2019-12-03
송미,1,2019-12-03
송복순,1,2019-12-03
송봉구,1,2019-12-03
송뽀순,1,2019-12-03
송송,1,2019-12-03
송아리,1,2019-12-03
송이 ,1,2019-12-03
송자,1,2019-12-03
송쿠리,1,2019-12-03
쇼,1,2019-12-03
쇼재,1,2019-12-03
숑숑이,1,2019-12-03
숑이,1,2019-12-03
수남이,1,2019-12-03
수능,1,2019-12-03
수니,1,2019-12-03
수달,1,2019-12-03
수더분,1,2019-12-03
수미,1,2019-12-03
수복,1,2019-12-03
수복이,1,2019-12-03
수석,1,2019-12-03
수영,1,2019-12-03
수오,1,2019-12-03
수요일,1,2019-12-03
수월,1,2019-12-03
수저,1,2019-12-03
수정,1,2019-12-03
수호,1,2019-12-03
숙자,1,2019-12-03
숙희,1,2019-12-03
순달,1,2019-12-03
순댕,1,2019-12-03
순두부,1,2019-12-03
순딩이,1,2019-12-03
순복,1,2019-12-03
순상이,1,2019-12-03
순수,1,2019-12-03
순숭,1,2019-12-03
순식,1,2019-12-03
순악질,1,2019-12-03
순치,1,2019-12-03
순풍이,1,2019-12-03
순희,1,2019-12-03
순히,1,2019-12-03
술,1,2019-12-03
숭이,1,2019-12-03
쉐리,1,2019-12-03
슈미,1,2019-12-03
슈방,1,2019-12-03
슈크림,1,2019-12-03
슈팅,1,2019-12-03
스노우,1,2019-12-03
스누피,1,2019-12-03
스위티,1,2019-12-03
스타,1,2019-12-03
스터,1,2019-12-03
스테,1,2019-12-03
스팍,1,2019-12-03
스프,1,2019-12-03
스핀,1,2019-12-03
슬아,1,2019-12-03
습관,1,2019-12-03
승동,1,2019-12-03
승안,1,2019-12-03
시돌,1,2019-12-03
시드니,1,2019-12-03
시소,1,2019-12-03
시순이,1,2019-12-03
시원,1,2019-12-03
시월,1,2019-12-03
시츄,1,2019-12-03
시크,1,2019-12-03
시큼,1,2019-12-03
시키,1,2019-12-03
시호,1,2019-12-03
식구,1,2019-12-03
신,1,2019-12-03
신김치,1,2019-12-03
신덕순,1,2019-12-03
신디,1,2019-12-03
신원,1,2019-12-03
신장군,1,2019-12-03
신절미,1,2019-12-03
신짱순,1,2019-12-03
신통방통,1,2019-12-03
신풍,1,2019-12-03
실마리,1,2019-12-03
실버들,1,2019-12-03
실이,1,2019-12-03
심고드림,1,2019-12-03
심금동,1,2019-12-03
심복,1,2019-12-03
심슨,1,2019-12-03
심청이,1,2019-12-03
심콩,1,2019-12-03
십억이,1,2019-12-03
싱아,1,2019-12-03
싸미,1,2019-12-03
싸이,1,2019-12-03
싼체,1,2019-12-03
쌈쌈이,1,2019-12-03
쌈장,1,2019-12-03
쌍둥이,1,2019-12-03
쌘디,1,2019-12-03
쌤,1,2019-12-03
썬,1,2019-12-03
썬더,1,2019-12-03
썬키,1,2019-12-03
썸머,1,2019-12-03
쎄오,1,2019-12-03
쎄콤,1,2019-12-03
쏘니,1,2019-12-03
쏘삼,1,2019-12-03
쏘일,1,2019-12-03
쓰봉,1,2019-12-03
쓰쓰,1,2019-12-03
씨봉,1,2019-12-03
씨엘,1,2019-12-03
씨제이(CJ),1,2019-12-03
씨져,1,2019-12-03
씩씩,1,2019-12-03
씽씽,1,2019-12-03
아강,1,2019-12-03
아공,1,2019-12-03
아꾸,1,2019-12-03
아끼,1,2019-12-03
아담,1,2019-12-03
아담이,1,2019-12-03
아더,1,2019-12-03
아돌이,1,2019-12-03
아동,1,2019-12-03
아둥,1,2019-12-03
아디,1,2019-12-03
아또,1,2019-12-03
아락,1,2019-12-03
아람,1,2019-12-03
아련이,1,2019-12-03
아령,1,2019-12-03
아로 ,1,2019-12-03
아로미,1,2019-12-03
아롬이,1,2019-12-03
아롱별,1,2019-12-03
아르,1,2019-12-03
아리 ,1,2019-12-03
아리영,1,2019-12-03
아림,1,2019-12-03
아모,1,2019-12-03
아몽,1,2019-12-03
아바,1,2019-12-03
아방이,1,2019-12-03
아벨,1,2019-12-03
아서,1,2019-12-03
아영,1,2019-12-03
아이리,1,2019-12-03
아이리스,1,2019-12-03
아이짱,1,2019-12-03
아인,1,2019-12-03
아장이,1,2019-12-03
아점,1,2019-12-03
아주,1,2019-12-03
아즈,1,2019-12-03
아징,1,2019-12-03
아쭈,1,2019-12-03
아침,1,2019-12-03
아콩,1,2019-12-03
아테나,1,2019-12-03
아투,1,2019-12-03
악시,1,2019-12-03
안꼬맹,1,2019-12-03
안단테,1,2019-12-03
안백토,1,2019-12-03
안이,1,2019-12-03
안콩이,1,2019-12-03
안황토,1,2019-12-03
알로,1,2019-12-03
알밤,1,2019-12-03
알투,1,2019-12-03
알트(ALT),1,2019-12-03
앗싸,1,2019-12-03
앙드레멍,1,2019-12-03
앙뜨,1,2019-12-03
앙순이,1,2019-12-03
앙쥐,1,2019-12-03
앙쥬,1,2019-12-03
앙즈,1,2019-12-03
앙지,1,2019-12-03
앙치즈,1,2019-12-03
앙크미,1,2019-12-03
애기깽이,1,2019-12-03
애라,1,2019-12-03
애리,1,2019-12-03
애린,1,2019-12-03
애몽이,1,2019-12-03
애버,1,2019-12-03
애숑,1,2019-12-03
애오,1,2019-12-03
앨리스,1,2019-12-03
앰버,1,2019-12-03
앵그리,1,2019-12-03
앵두 ,1,2019-12-03
앵무,1,2019-12-03
앵이,1,2019-12-03
야꿍,1,2019-12-03
야노,1,2019-12-03
야무,1,2019-12-03
야삐,1,2019-12-03
야시,1,2019-12-03
야옹이,1,2019-12-03
야코,1,2019-12-03
약과,1,2019-12-03
얀도,1,2019-12-03
얀이,1,2019-12-03
얌이,1,2019-12-03
양곰이,1,2019-12-03
양꼬치,1,2019-12-03
양봉,1,2019-12-03
양송이,1,2019-12-03
양순,1,2019-12-03
양아치,1,2019-12-03
양양이,1,2019-12-03
양조이,1,2019-12-03
양주,1,2019-12-03
양초,1,2019-12-03
양털이,1,2019-12-03
양통,1,2019-12-03
양희,1,2019-12-03
어글리,1,2019-12-03
어니,1,2019-12-03
어자,1,2019-12-03
어화둥둥,1,2019-12-03
얼이,1,2019-12-03
엄깨비,1,2019-12-03
엄댕이,1,2019-12-03
엄봉이,1,2019-12-03
엄콩이,1,2019-12-03
에나,1,2019-12-03
에다,1,2019-12-03
에디,1,2019-12-03
에르,1,2019-12-03
에리,1,2019-12-03
에몽이,1,2019-12-03
에밀리,1,2019-12-03
에버,1,2019-12-03
에서,1,2019-12-03
에일린,1,2019-12-03
에준,1,2019-12-03
에코,1,2019-12-03
엔지,1,2019-12-03
엔쵸,1,2019-12-03
엘,1,2019-12-03
엘라,1,2019-12-03
엘레,1,2019-12-03
엘레나,1,2019-12-03
엘린,1,2019-12-03
엘모,1,2019-12-03
엘지,1,2019-12-03
엘쿵이,1,2019-12-03
엘푸,1,2019-12-03
엘프,1,2019-12-03
여깐돌,1,2019-12-03
여누,1,2019-12-03
여래,1,2019-12-03
여부,1,2019-12-03
여울이,1,2019-12-03
여을,1,2019-12-03
연금,1,2019-12-03
연돌,1,2019-12-03
연우,1,2019-12-03
연유,1,2019-12-03
연코,1,2019-12-03
연탄이,1,2019-12-03
염광,1,2019-12-03
염소,1,2019-12-03
영감,1,2019-12-03
영광,1,2019-12-03
영란이,1,2019-12-03
영롱,1,2019-12-03
영미,1,2019-12-03
영송,1,2019-12-03
영스,1,2019-12-03
영식,1,2019-12-03
영웅이,1,2019-12-03
영원이,1,2019-12-03
영희,1,2019-12-03
예드,1,2019-12-03
예솔,1,2019-12-03
예솜,1,2019-12-03
예순,1,2019-12-03
예스,1,2019-12-03
예원이,1,2019-12-03
예지,1,2019-12-03
예진,1,2019-12-03
오공이,1,2019-12-03
오구름,1,2019-12-03
오댕,1,2019-12-03
오덕이,1,2019-12-03
오동,1,2019-12-03
오동동,1,2019-12-03
오또,1,2019-12-03
오뜨,1,2019-12-03
오라이,1,2019-12-03
오래,1,2019-12-03
오로라,1,2019-12-03
오로로,1,2019-12-03
오로롱,1,2019-12-03
오메가,1,2019-12-03
오목이,1,2019-12-03
오미,1,2019-12-03
오번이,1,2019-12-03
오복,1,2019-12-03
오봉,1,2019-12-03
오뽀,1,2019-12-03
오사마,1,2019-12-03
오성,1,2019-12-03
오순,1,2019-12-03
오즈,1,2019-12-03
오징어,1,2019-12-03
오치,1,2019-12-03
오캬,1,2019-12-03
오크,1,2019-12-03
오키,1,2019-12-03
오후,1,2019-12-03
옥강이,1,2019-12-03
옥수수,1,2019-12-03
옥실,1,2019-12-03
옥씩이,1,2019-12-03
옥자,1,2019-12-03
옥천(황군),1,2019-12-03
온강,1,2019-12-03
온누리,1,2019-12-03
올리버,1,2019-12-03
옴므,1,2019-12-03
옹박,1,2019-12-03
옹심이,1,2019-12-03
옹이,1,2019-12-03
와니,1,2019-12-03
와르,1,2019-12-03
와방,1,2019-12-03
와방이,1,2019-12-03
와와,1,2019-12-03
와이,1,2019-12-03
와치,1,2019-12-03
와플,1,2019-12-03
와피,1,2019-12-03
와희,1,2019-12-03
왈츠,1,2019-12-03
왓슨,1,2019-12-03
왕,1,2019-12-03
왕건이,1,2019-12-03
왕구,1,2019-12-03
왕대박,1,2019-12-03
왕돌이,1,2019-12-03
왕따구리,1,2019-12-03
왕만두,1,2019-12-03
왕발,1,2019-12-03
왕비,1,2019-12-03
왕이,1,2019-12-03
왕장수,1,2019-12-03
왕찌,1,2019-12-03
왕초코,1,2019-12-03
요나,1,2019-12-03
요니,1,2019-12-03
요랑,1,2019-12-03
요르,1,2019-12-03
요술이,1,2019-12-03
요시,1,2019-12-03
요요,1,2019-12-03
요코,1,2019-12-03
요쿠,1,2019-12-03
요크,1,2019-12-03
요키,1,2019-12-03
요피,1,2019-12-03
욘요,1,2019-12-03
욜로,1,2019-12-03
용강,1,2019-12-03
용돌,1,2019-12-03
용밤,1,2019-12-03
용자,1,2019-12-03
용주,1,2019-12-03
용크,1,2019-12-03
용타리,1,2019-12-03
우기,1,2019-12-03
우노,1,2019-12-03
우눈,1,2019-12-03
우니,1,2019-12-03
우디(WOODY),1,2019-12-03
우람,1,2019-12-03
우멍,1,2019-12-03
우미,1,2019-12-03
우빵,1,2019-12-03
우승,1,2019-12-03
우아,1,2019-12-03
우아미,1,2019-12-03
우연,1,2019-12-03
우이,1,2019-12-03
우즈,1,2019-12-03
우쭈,1,2019-12-03
우찬,1,2019-12-03
우탱,1,2019-12-03
운수,1,2019-12-03
운악,1,2019-12-03
운이,1,2019-12-03
울푸,1,2019-12-03
울프,1,2019-12-03
웃음,1,2019-12-03
웃음이,1,2019-12-03
웅구,1,2019-12-03
웅돌,1,2019-12-03
웅지,1,2019-12-03
원,1,2019-12-03
원더,1,2019-12-03
원두,1,2019-12-03
원충일,1,2019-12-03
원현충,1,2019-12-03
월,1,2019-12-03
월성이,1,2019-12-03
월순이,1,2019-12-03
월튼,1,2019-12-03
웬디,1,2019-12-03
웰스,1,2019-12-03
웰시,1,2019-12-03
위너,1,2019-12-03
위니,1,2019-12-03
윈디,1,2019-12-03
윈버,1,2019-12-03
윈터,1,2019-12-03
윌,1,2019-12-03
윙윙,1,2019-12-03
유근,1,2019-12-03
유난히,1,2019-12-03
유라,1,2019-12-03
유미,1,2019-12-03
유부,1,2019-12-03
유빈,1,2019-12-03
유아,1,2019-12-03
유연복,1,2019-12-03
유온유,1,2019-12-03
유우,1,2019-12-03
유월이,1,2019-12-03
유정,1,2019-12-03
유토,1,2019-12-03
유후,1,2019-12-03
육팔,1,2019-12-03
육희,1,2019-12-03
윤깜둥,1,2019-12-03
윤노리,1,2019-12-03
윤미,1,2019-12-03
윤복순,1,2019-12-03
윤얌얌,1,2019-12-03
윤쭈,1,2019-12-03
윤채연,1,2019-12-03
윤판순,1,2019-12-03
율희,1,2019-12-03
융이,1,2019-12-03
은구,1,2019-12-03
은다,1,2019-12-03
은두,1,2019-12-03
은별,1,2019-12-03
은실이,1,2019-12-03
은이,1,2019-12-03
은콩,1,2019-12-03
은하,1,2019-12-03
은행,1,2019-12-03
은혜,1,2019-12-03
응강,1,2019-12-03
응꼬,1,2019-12-03
응애,1,2019-12-03
이간지,1,2019-12-03
이글이,1,2019-12-03
이나,1,2019-12-03
이누누,1,2019-12-03
이니,1,2019-12-03
이다롱,1,2019-12-03
이단미,1,2019-12-03
이단풍,1,2019-12-03
이달봉,1,2019-12-03
이달숙,1,2019-12-03
이덕순,1,2019-12-03
이도일,1,2019-12-03
이동동,1,2019-12-03
이두리,1,2019-12-03
이든,1,2019-12-03
이든강,1,2019-12-03
이든곶,1,2019-12-03
이레,1,2019-12-03
이로,1,2019-12-03
이록,1,2019-12-03
이루다,1,2019-12-03
이리,1,2019-12-03
이말랑,1,2019-12-03
이명수,1,2019-12-03
이모모,1,2019-12-03
이몽땅,1,2019-12-03
이백구,1,2019-12-03
이버들,1,2019-12-03
이보리,1,2019-12-03
이복동,1,2019-12-03
이복만,1,2019-12-03
이봉,1,2019-12-03
이블,1,2019-12-03
이뿌니,1,2019-12-03
이뿌요,1,2019-12-03
이뿐이,1,2019-12-03
이쁜,1,2019-12-03
이삐,1,2019-12-03
이사랑,1,2019-12-03
이사벨,1,2019-12-03
이설,1,2019-12-03
이순돌,1,2019-12-03
이순딩,1,2019-12-03
이아롱,1,2019-12-03
이얀,1,2019-12-03
이얼큰,1,2019-12-03
이우유,1,2019-12-03
이월이,1,2019-12-03
이유자,1,2019-12-03
이자두,1,2019-12-03
이자벨,1,2019-12-03
이재롱,1,2019-12-03
이재룡,1,2019-12-03
이지돌,1,2019-12-03
이초롱,1,2019-12-03
이초코,1,2019-12-03
이치,1,2019-12-03
이코,1,2019-12-03
이푸딩,1,2019-12-03
이플,1,2019-12-03
이하봉,1,2019-12-03
이한글,1,2019-12-03
이호동,1,2019-12-03
이호박,1,2019-12-03
이화,1,2019-12-03
이황군,1,2019-12-03
이효건,1,2019-12-03
이효운,1,2019-12-03
익산-삼생이,1,2019-12-03
익스,1,2019-12-03
일급,1,2019-12-03
일남,1,2019-12-03
일동이,1,2019-12-03
일리,1,2019-12-03
일삼,1,2019-12-03
일순이,1,2019-12-03
일억이,1,2019-12-03
일월이,1,2019-12-03
일출,1,2019-12-03
일호,1,2019-12-03
임끙,1,2019-12-03
임대길,1,2019-12-03
임또복,1,2019-12-03
임마,1,2019-12-03
임복순,1,2019-12-03
임이,1,2019-12-03
임토리,1,2019-12-03
잉잉,1,2019-12-03
잉카,1,2019-12-03
자니,1,2019-12-03
자미,1,2019-12-03
자브리,1,2019-12-03
자성,1,2019-12-03
자연이,1,2019-12-03
자오첸,1,2019-12-03
자은,1,2019-12-03
자자,1,2019-12-03
잔,1,2019-12-03
잠탱이,1,2019-12-03
잠팅이,1,2019-12-03
잡채,1,2019-12-03
장꼬미,1,2019-12-03
장남,1,2019-12-03
장뚱,1,2019-12-03
장백,1,2019-12-03
장백숙,1,2019-12-03
장순,1,2019-12-03
장순이,1,2019-12-03
장엄지,1,2019-12-03
장오,1,2019-12-03
장율,1,2019-12-03
장재롱,1,2019-12-03
장초롱,1,2019-12-03
장코리,1,2019-12-03
장코봉,1,2019-12-03
장코코,1,2019-12-03
장탄이,1,2019-12-03
장테리,1,2019-12-03
장한별,1,2019-12-03
장훈,1,2019-12-03
재구,1,2019-12-03
재돌이,1,2019-12-03
재동,1,2019-12-03
재동이,1,2019-12-03
재리,1,2019-12-03
재몽,1,2019-12-03
재문,1,2019-12-03
재벌,1,2019-12-03
재순,1,2019-12-03
재인,1,2019-12-03
쟈나,1,2019-12-03
저녁,1,2019-12-03
전농이,1,2019-12-03
전별,1,2019-12-03
전복실,1,2019-12-03
전봉봉,1,2019-12-03
전주,1,2019-12-03
전진돌,1,2019-12-03
절구,1,2019-12-03
절미,1,2019-12-03
점순,1,2019-12-03
점심,1,2019-12-03
점푸,1,2019-12-03
점프,1,2019-12-03
정꾸야,1,2019-12-03
정남,1,2019-12-03
정다미,1,2019-12-03
정덕구,1,2019-12-03
정라떼,1,2019-12-03
정미지,1,2019-12-03
정바다,1,2019-12-03
정박봉곤,1,2019-12-03
정봉,1,2019-12-03
정봉남,1,2019-12-03
정빈,1,2019-12-03
정삐,1,2019-12-03
정설,1,2019-12-03
정셜록,1,2019-12-03
정심,1,2019-12-03
정아랑,1,2019-12-03
정우,1,2019-12-03
정우리,1,2019-12-03
정음,1,2019-12-03
정이,1,2019-12-03
정쪼,1,2019-12-03
정찹쌀,1,2019-12-03
정창복,1,2019-12-03
정희,1,2019-12-03
제라드,1,2019-12-03
제로,1,2019-12-03
제롬,1,2019-12-03
제롱,1,2019-12-03
제비,1,2019-12-03
제우스,1,2019-12-03
제이미,1,2019-12-03
제이제이(JJ),1,2019-12-03
제일,1,2019-12-03
제일단,1,2019-12-03
제임스,1,2019-12-03
제크,1,2019-12-03
제키(jackie),1,2019-12-03
제푸,1,2019-12-03
젠,1,2019-12-03
조국,1,2019-12-03
조달용,1,2019-12-03
조달자,1,2019-12-03
조달콩,1,2019-12-03
조디,1,2019-12-03
조똘이,1,2019-12-03
조로,1,2019-12-03
조리,1,2019-12-03
조리퐁,1,2019-12-03
조망고,1,2019-12-03
조몽이,1,2019-12-03
조뭉치,1,2019-12-03
조봄,1,2019-12-03
조빵순,1,2019-12-03
조쇼,1,2019-12-03
조심이,1,2019-12-03
조영리,1,2019-12-03
조운,1,2019-12-03
조자룡,1,2019-12-03
조정래,1,2019-12-03
조조,1,2019-12-03
조지,1,2019-12-03
조쿤,1,2019-12-03
조탄다,1,2019-12-03
조행운,1,2019-12-03
족투,1,2019-12-03
존,1,2019-12-03
졸리윤,1,2019-12-03
종돌,1,2019-12-03
종림,1,2019-12-03
종석,1,2019-12-03
종종,1,2019-12-03
종현,1,2019-12-03
죠리퐁,1,2019-12-03
죠스,1,2019-12-03
주댕이,1,2019-12-03
주랑이,1,2019-12-03
주스,1,2019-12-03
주원,1,2019-12-03
주원이,1,2019-12-03
주주,1,2019-12-03
주찬미,1,2019-12-03
주평안,1,2019-12-03
주하,1,2019-12-03
주황이,1,2019-12-03
준미,1,2019-12-03
준표,1,2019-12-03
준호,1,2019-12-03
중구,1,2019-12-03
중지,1,2019-12-03
쥐콩이,1,2019-12-03
쥬리,1,2019-12-03
쥬미,1,2019-12-03
쥬비,1,2019-12-03
지나,1,2019-12-03
지노비아,1,2019-12-03
지단,1,2019-12-03
지디,1,2019-12-03
지라운,1,2019-12-03
지몽,1,2019-12-03
지방이,1,2019-12-03
지비,1,2019-12-03
지뽕이,1,2019-12-03
지석,1,2019-12-03
지아나,1,2019-12-03
지연,1,2019-12-03
지온,1,2019-12-03
지우,1,2019-12-03
지율,1,2019-12-03
지코,1,2019-12-03
지콩,1,2019-12-03
지팡이,1,2019-12-03
지퍼,1,2019-12-03
진간장,1,2019-12-03
진걸이,1,2019-12-03
진구,1,2019-12-03
진국,1,2019-12-03
진달래,1,2019-12-03
진벨,1,2019-12-03
진상,1,2019-12-03
진서,1,2019-12-03
진솔이,1,2019-12-03
진솜,1,2019-12-03
진우,1,2019-12-03
진중,1,2019-12-03
징,1,2019-12-03
징가,1,2019-12-03
짙은,1,2019-12-03
짜롱,1,2019-12-03
짜부,1,2019-12-03
짝귀,1,2019-12-03
짝순이,1,2019-12-03
짠지,1,2019-12-03
짤랑이,1,2019-12-03
짤콩,1,2019-12-03
짬뽕,1,2019-12-03
짱(ZZANG),1,2019-12-03
짱미,1,2019-12-03
짱순,1,2019-12-03
짱콩이,1,2019-12-03
째리,1,2019-12-03
짹,1,2019-12-03
쨍이,1,2019-12-03
쨩,1,2019-12-03
쩡구,1,2019-12-03
쩡꾸,1,2019-12-03
쪼니,1,2019-12-03
쪼다,1,2019-12-03
쪼로미,1,2019-12-03
쪼림,1,2019-12-03
쪼망,1,2019-12-03
쪼매니,1,2019-12-03
쪼맹이,1,2019-12-03
쪼메,1,2019-12-03
쪼이,1,2019-12-03
쪽,1,2019-12-03
쫄,1,2019-12-03
쫄 ,1,2019-12-03
쫄순이,1,2019-12-03
쫄쫄이,1,2019-12-03
쫑구,1,2019-12-03
쫑돌이,1,2019-12-03
쫑아리,1,2019-12-03
쭁,1,2019-12-03
쭈구리,1,2019-12-03
쭈그리,1,2019-12-03
쭈글이,1,2019-12-03
쭈꾸,1,2019-12-03
쭈비,1,2019-12-03
쭈야,1,2019-12-03
쭉정이,1,2019-12-03
쭝,1,2019-12-03
쭝쭝이,1,2019-12-03
쮸꿀루,1,2019-12-03
쮸니,1,2019-12-03
쮸야,1,2019-12-03
찌끼또,1,2019-12-03
찌라,1,2019-12-03
찌롱,1,2019-12-03
찌롱이,1,2019-12-03
찌리,1,2019-12-03
찌야,1,2019-12-03
찐둥이,1,2019-12-03
찐바,1,2019-12-03
찔찔이,1,2019-12-03
찡콩이,1,2019-12-03
차령이,1,2019-12-03
차리,1,2019-12-03
차방이,1,2019-12-03
차봉봉,1,2019-12-03
차우,1,2019-12-03
차이쨔오,1,2019-12-03
차피,1,2019-12-03
찬,1,2019-12-03
찬비,1,2019-12-03
찬식,1,2019-12-03
찬호,1,2019-12-03
찬희,1,2019-12-03
찰보리,1,2019-12-03
참돌이,1,2019-12-03
참새,1,2019-12-03
참이,1,2019-12-03
찹쌀,1,2019-12-03
채경,1,2019-12-03
채닝,1,2019-12-03
채리,1,2019-12-03
채봉,1,2019-12-03
채스,1,2019-12-03
채재석,1,2019-12-03
채채,1,2019-12-03
채코,1,2019-12-03
챙,1,2019-12-03
챠챠,1,2019-12-03
챠코,1,2019-12-03
챨스,1,2019-12-03
천일,1,2019-12-03
철이,1,2019-12-03
첫째,1,2019-12-03
청,1,2019-12-03
청국장,1,2019-12-03
청아,1,2019-12-03
청양,1,2019-12-03
체스,1,2019-12-03
첼시,1,2019-12-03
초군,1,2019-12-03
초란,1,2019-12-03
초랭이,1,2019-12-03
초로,1,2019-12-03
초롬이,1,2019-12-03
초롱 ,1,2019-12-03
초비,1,2019-12-03
초생,1,2019-12-03
초선이,1,2019-12-03
초승,1,2019-12-03
초은,1,2019-12-03
초장,1,2019-12-03
초커,1,2019-12-03
초콩이,1,2019-12-03
초쿠,1,2019-12-03
초큼이,1,2019-12-03
촐랭이,1,2019-12-03
총,1,2019-12-03
촬리,1,2019-12-03
촬순,1,2019-12-03
촬스,1,2019-12-03
최갈등,1,2019-12-03
최갈림,1,2019-12-03
최건희,1,2019-12-03
최고,1,2019-12-03
최덕만,1,2019-12-03
최독구,1,2019-12-03
최두부,1,2019-12-03
최막둥,1,2019-12-03
최보리,1,2019-12-03
최복실,1,2019-12-03
최부명,1,2019-12-03
최엔젤,1,2019-12-03
최웅,1,2019-12-03
최위,1,2019-12-03
최콩이,1,2019-12-03
쵸비,1,2019-12-03
쵸쵸,1,2019-12-03
쵸코밍,1,2019-12-03
쵸크,1,2019-12-03
추노,1,2019-12-03
춘남,1,2019-12-03
춘몽,1,2019-12-03
춘삼이,1,2019-12-03
춘식,1,2019-12-03
춘식이,1,2019-12-03
춘옥,1,2019-12-03
춘장,1,2019-12-03
춘치,1,2019-12-03
충성,1,2019-12-03
충순,1,2019-12-03
츄러스,1,2019-12-03
츄팝베리,1,2019-12-03
츠키,1,2019-12-03
치노,1,2019-12-03
치따오,1,2019-12-03
치리,1,2019-12-03
치코,1,2019-12-03
치킨,1,2019-12-03
칠복이,1,2019-12-03
칠칠,1,2019-12-03
칭,1,2019-12-03
카나,1,2019-12-03
카노,1,2019-12-03
카라멜,1,2019-12-03
카레,1,2019-12-03
카렌,1,2019-12-03
카롱이,1,2019-12-03
카본,1,2019-12-03
카비,1,2019-12-03
카야,1,2019-12-03
카우,1,2019-12-03
카이,1,2019-12-03
카토,1,2019-12-03
카페,1,2019-12-03
카푸,1,2019-12-03
칸비,1,2019-12-03
칼리,1,2019-12-03
캄치,1,2019-12-03
캉이,1,2019-12-03
캉테,1,2019-12-03
캐롤,1,2019-12-03
캐비,1,2019-12-03
캐서린,1,2019-12-03
캐쉬,1,2019-12-03
캐인,1,2019-12-03
캔,1,2019-12-03
캘리,1,2019-12-03
캡틴,1,2019-12-03
커리,1,2019-12-03
커프,1,2019-12-03
컴미,1,2019-12-03
케로로,1,2019-12-03
케시,1,2019-12-03
켄,1,2019-12-03
코기,1,2019-12-03
코넬,1,2019-12-03
코노,1,2019-12-03
코디,1,2019-12-03
코라,1,2019-12-03
코로,1,2019-12-03
코마,1,2019-12-03
코몽,1,2019-12-03
코바,1,2019-12-03
코볼,1,2019-12-03
코부,1,2019-12-03
코순,1,2019-12-03
코자,1,2019-12-03
코지,1,2019-12-03
코치,1,2019-12-03
코코라떼,1,2019-12-03
코코몽,1,2019-12-03
코코볼,1,2019-12-03
코코샤넬,1,2019-12-03
코쿤,1,2019-12-03
코튼,1,2019-12-03
코팰,1,2019-12-03
콜렛,1,2019-12-03
콜리,1,2019-12-03
콜키,1,2019-12-03
콥스,1,2019-12-03
콧물,1,2019-12-03
콩돌이,1,2019-12-03
콩떡,1,2019-12-03
콩떡이,1,2019-12-03
콩밥이,1,2019-12-03
콩심이,1,2019-12-03
콩아,1,2019-12-03
콩아리,1,2019-12-03
콩알이,1,2019-12-03
콩이 ,1,2019-12-03
콩자반,1,2019-12-03
콩찌,1,2019-12-03
콩콩돌이,1,2019-12-03
콩키,1,2019-12-03
쿄쿄,1,2019-12-03
쿠루,1,2019-12-03
쿠리,1,2019-12-03
쿠미,1,2019-12-03
쿠비,1,2019-12-03
쿠아,1,2019-12-03
쿠오,1,2019-12-03
쿠지,1,2019-12-03
쿠페,1,2019-12-03
쿠피,1,2019-12-03
쿨,1,2019-12-03
쿵푸,1,2019-12-03
퀴니,1,2019-12-03
퀵퀵,1,2019-12-03
퀸,1,2019-12-03
큐,1,2019-12-03
큐큐,1,2019-12-03
크런치,1,2019-12-03
크롱이,1,2019-12-03
크리스탈,1,2019-12-03
크림 ,1,2019-12-03
킁이,1,2019-12-03
킁킁이,1,2019-12-03
키스 ,1,2019-12-03
키아,1,2019-12-03
키아라,1,2019-12-03
타블로,1,2019-12-03
타비,1,2019-12-03
타이,1,2019-12-03
타이니,1,2019-12-03
타코,1,2019-12-03
타키,1,2019-12-03
타티,1,2019-12-03
탄절,1,2019-12-03
탄절이,1,2019-12-03
탄탄이,1,2019-12-03
탄호,1,2019-12-03
탐,1,2019-12-03
탐지,1,2019-12-03
탕이,1,2019-12-03
태디,1,2019-12-03
태루,1,2019-12-03
태방이,1,2019-12-03
태빼,1,2019-12-03
태산이,1,2019-12-03
태식,1,2019-12-03
태식이,1,2019-12-03
태이,1,2019-12-03
태풍,1,2019-12-03
탠,1,2019-12-03
탠탠,1,2019-12-03
탱,1,2019-12-03
탱글이,1,2019-12-03
터비,1,2019-12-03
털실이,1,2019-12-03
텅키,1,2019-12-03
테나,1,2019-12-03
테드,1,2019-12-03
테리글리롱개비터,1,2019-12-03
테티,1,2019-12-03
토고,1,2019-12-03
토라,1,2019-12-03
토로,1,2019-12-03
토루,1,2019-12-03
토리 ,1,2019-12-03
토마,1,2019-12-03
토마스,1,2019-12-03
토복,1,2019-12-03
토순,1,2019-12-03
토순이,1,2019-12-03
토시,1,2019-12-03
토실이,1,2019-12-03
토야,1,2019-12-03
토익,1,2019-12-03
토티,1,2019-12-03
톤이,1,2019-12-03
톨이,1,2019-12-03
투니,1,2019-12-03
투비,1,2019-12-03
투송,1,2019-12-03
투실 ,1,2019-12-03
투톤,1,2019-12-03
투투,1,2019-12-03
툴툴이,1,2019-12-03
트래버,1,2019-12-03
트랭,1,2019-12-03
트리,1,2019-12-03
트리샤,1,2019-12-03
트완쯔,1,2019-12-03
트트,1,2019-12-03
티거,1,2019-12-03
티라,1,2019-12-03
티모,1,2019-12-03
티아,1,2019-12-03
티파니,1,2019-12-03
틸다,1,2019-12-03
팀파,1,2019-12-03
팅커벨,1,2019-12-03
파랑,1,2019-12-03
파래,1,2019-12-03
파리,1,2019-12-03
파블로,1,2019-12-03
파인,1,2019-12-03
파쭈,1,2019-12-03
파코,1,2019-12-03
파크,1,2019-12-03
파피,1,2019-12-03
팔공이,1,2019-12-03
팔봉,1,2019-12-03
팔월이,1,2019-12-03
팔천,1,2019-12-03
팜,1,2019-12-03
팡,1,2019-12-03
팡지,1,2019-12-03
팥,1,2019-12-03
패티,1,2019-12-03
팬시,1,2019-12-03
팽구,1,2019-12-03
퍼숙이,1,2019-12-03
퍼플,1,2019-12-03
펌킨,1,2019-12-03
펌프,1,2019-12-03
펑샤,1,2019-12-03
펑이,1,2019-12-03
페코,1,2019-12-03
페토,1,2019-12-03
펩시,1,2019-12-03
평안,1,2019-12-03
평평이,1,2019-12-03
포뇽,1,2019-12-03
포망,1,2019-12-03
포순,1,2019-12-03
포순이,1,2019-12-03
포켓,1,2019-12-03
포코,1,2019-12-03
포토,1,2019-12-03
폭시,1,2019-12-03
폴로,1,2019-12-03
폴린,1,2019-12-03
퐁,1,2019-12-03
퐁퐁,1,2019-12-03
표돌,1,2019-12-03
푸,1,2019-12-03
푸니,1,2019-12-03
푸돌이,1,2019-12-03
푸들,1,2019-12-03
푸들이,1,2019-12-03
푸린,1,2019-12-03
푸카,1,2019-12-03
푸크,1,2019-12-03
풀,1,2019-12-03
풀빵,1,2019-12-03
풍돌이,1,2019-12-03
풍산이,1,2019-12-03
풍지,1,2019-12-03
프란,1,2019-12-03
프리티,1,2019-12-03
프린세스,1,2019-12-03
프림,1,2019-12-03
플럼,1,2019-12-03
플로아,1,2019-12-03
플린,1,2019-12-03
피그,1,2019-12-03
피니,1,2019-12-03
피도,1,2019-12-03
피리,1,2019-12-03
피스,1,2019-12-03
피앙세,1,2019-12-03
피오나,1,2019-12-03
피제이,1,2019-12-03
피츄,1,2019-12-03
피코,1,2019-12-03
피피,1,2019-12-03
핀이,1,2019-12-03
필,1,2019-12-03
필교,1,2019-12-03
필봉,1,2019-12-03
필순,1,2019-12-03
필순이,1,2019-12-03
핑가,1,2019-12-03
핑아,1,2019-12-03
핑코,1,2019-12-03
핑핑,1,2019-12-03
핑핑이,1,2019-12-03
하꾸,1,2019-12-03
하나짱,1,2019-12-03
하남,1,2019-12-03
하누,1,2019-12-03
하디,1,2019-12-03
하라,1,2019-12-03
하롱이,1,2019-12-03
하룡,1,2019-12-03
하루 ,1,2019-12-03
하린,1,2019-12-03
하멜,1,2019-12-03
하몽,1,2019-12-03
하몽이,1,2019-12-03
하빈,1,2019-12-03
하순이,1,2019-12-03
하얀,1,2019-12-03
하온,1,2019-12-03
하우,1,2019-12-03
하은이,1,2019-12-03
하이디,1,2019-12-03
하이루,1,2019-12-03
하진,1,2019-12-03
하쵸,1,2019-12-03
하카,1,2019-12-03
하태,1,2019-12-03
하퍼,1,2019-12-03
하피,1,2019-12-03
하하,1,2019-12-03
한결이,1,2019-12-03
한근,1,2019-12-03
한돌,1,2019-12-03
한라봉,1,2019-12-03
한모,1,2019-12-03
한바,1,2019-12-03
한백,1,2019-12-03
한별이,1,2019-12-03
한보리,1,2019-12-03
한사랑,1,2019-12-03
한솔,1,2019-12-03
한여름,1,2019-12-03
한우,1,2019-12-03
한잎,1,2019-12-03
한조,1,2019-12-03
할리,1,2019-12-03
할매,1,2019-12-03
함샌달,1,2019-12-03
핫도그,1,2019-12-03
해,1,2019-12-03
해님,1,2019-12-03
해돌,1,2019-12-03
해롱이,1,2019-12-03
해름,1,2019-12-03
해병이,1,2019-12-03
해봉,1,2019-12-03
해상,1,2019-12-03
해순이,1,2019-12-03
해월,1,2019-12-03
해투,1,2019-12-03
해피엔젤,1,2019-12-03
해현,1,2019-12-03
햄식이,1,2019-12-03
행성이,1,2019-12-03
행자,1,2019-12-03
향순,1,2019-12-03
허그,1,2019-12-03
허금비,1,2019-12-03
허대박,1,2019-12-03
허브,1,2019-12-03
허쉬,1,2019-12-03
허아지,1,2019-12-03
허호두,1,2019-12-03
헌,1,2019-12-03
헐크,1,2019-12-03
헝그리,1,2019-12-03
헤니,1,2019-12-03
헤라,1,2019-12-03
헤롱이,1,2019-12-03
헤리,1,2019-12-03
헤이즐,1,2019-12-03
헨델,1,2019-12-03
헨리,1,2019-12-03
헬스,1,2019-12-03
혁필,1,2019-12-03
현금,1,2019-12-03
현도순,1,2019-12-03
현순,1,2019-12-03
형말랑,1,2019-12-03
형아,1,2019-12-03
혜돌이,1,2019-12-03
혜미,1,2019-12-03
혜이,1,2019-12-03
혜피,1,2019-12-03
호강이,1,2019-12-03
호걸,1,2019-12-03
호구,1,2019-12-03
호도리,1,2019-12-03
호둥,1,2019-12-03
호떡,1,2019-12-03
호랑,1,2019-12-03
호랑이,1,2019-12-03
호롱,1,2019-12-03
호리,1,2019-12-03
호백,1,2019-12-03
호범,1,2019-12-03
호복이,1,2019-12-03
호비,1,2019-12-03
호산나,1,2019-12-03
호섭이,1,2019-12-03
호순,1,2019-12-03
호양이,1,2019-12-03
호이,1,2019-12-03
호재,1,2019-12-03
호찌,1,2019-12-03
호청이,1,2019-12-03
호타루,1,2019-12-03
호테,1,2019-12-03
혼다,1,2019-12-03
홍그랑,1,2019-12-03
홍길&#46624;,1,2019-12-03
홍두,1,2019-12-03
홍만,1,2019-12-03
홍빵,1,2019-12-03
홍뽀미,1,2019-12-03
홍삼이,1,2019-12-03
홍순백,1,2019-12-03
홍심,1,2019-12-03
홍호야,1,2019-12-03
화,1,2019-12-03
화니타,1,2019-12-03
화몽,1,2019-12-03
화자,1,2019-12-03
황구름,1,2019-12-03
황금,1,2019-12-03
황금이,1,2019-12-03
황둥,1,2019-12-03
황수,1,2019-12-03
황실이,1,2019-12-03
황용,1,2019-12-03
황주,1,2019-12-03
황진이,1,2019-12-03
황탐이,1,2019-12-03
황토,1,2019-12-03
효도르,1,2019-12-03
효돌,1,2019-12-03
효순이,1,2019-12-03
효자,1,2019-12-03
후,1,2019-12-03
후둘,1,2019-12-03
후멍,1,2019-12-03
후찌,1,2019-12-03
훈남,1,2019-12-03
훈남이,1,2019-12-03
훈도,1,2019-12-03
훈트,1,2019-12-03
훤이,1,2019-12-03
휘뽀,1,2019-12-03
휘순,1,2019-12-03
휴지,1,2019-12-03
휴지 ,1,2019-12-03
흑구,1,2019-12-03
흑돌,1,2019-12-03
흑돌이,1,2019-12-03
흑룡,1,2019-12-03
흑미,1,2019-12-03
희연,1,2019-12-03
흰돈,1,2019-12-03
흰똘이,1,2019-12-03
흰별,1,2019-12-03
흰비,1,2019-12-03
흰소금 오래살어,1,2019-12-03
흰콩,1,2019-12-03
흰털,1,2019-12-03
히마,1,2019-12-03
힌둥,1,2019-12-03
힐링,1,2019-12-03
힘,1,2019-12-03
